{
  "IcoMoonType": "selection",
  "icons": [
    {
      "icon": {
        "paths": [],
        "attrs": [],
        "width": 0,
        "isMulticolor": false,
        "isMulticolor2": false,
        "grid": 0,
        "tags": [
          "iconmoon"
        ]
      },
      "attrs": [],
      "properties": {
        "order": 47,
        "id": 0,
        "name": "iconmoon",
        "prevSize": 32
      },
      "setIdx": 0,
      "setId": 4,
      "iconIdx": 0
    },
    {
      "icon": {
        "paths": [
          "M136.533 0h819.2c75.405 0 136.533 61.128 136.533 136.533v750.933c0 75.405-61.128 136.533-136.533 136.533h-819.2c-75.405 0-136.533-61.128-136.533-136.533v-750.933c0-75.405 61.128-136.533 136.533-136.533z",
          "M270.131 529.203l-4.71-4.506-4.71 4.437-65.809 62.396 5.188 4.983 243.371 232.107 4.71-4.506 517.461-493.636-5.188-4.915-64.922-61.918-4.71 4.506-447.351 426.394-173.329-165.342z"
        ],
        "attrs": [
          {
            "fill": "rgb(33, 150, 243)"
          },
          {
            "fill": "rgb(255, 255, 255)",
            "stroke": "rgb(255, 255, 255)",
            "strokeLinejoin": "miter",
            "strokeLinecap": "butt",
            "strokeMiterlimit": "4",
            "strokeWidth": 13.653333333333334
          }
        ],
        "width": 1092,
        "isMulticolor": true,
        "isMulticolor2": true,
        "grid": 0,
        "tags": [
          "check"
        ],
        "colorPermutations": {
          "1171171171175177184125525525513315024313333331": [
            {
              "f": 2
            },
            {
              "f": 4,
              "s": 4
            }
          ]
        }
      },
      "attrs": [
        {
          "fill": "rgb(33, 150, 243)"
        },
        {
          "fill": "rgb(255, 255, 255)",
          "stroke": "rgb(255, 255, 255)",
          "strokeLinejoin": "miter",
          "strokeLinecap": "butt",
          "strokeMiterlimit": "4",
          "strokeWidth": 13.653333333333334
        }
      ],
      "properties": {
        "order": 50,
        "id": 20,
        "name": "check",
        "prevSize": 32
      },
      "setIdx": 1,
      "setId": 3,
      "iconIdx": 0
    },
    {
      "icon": {
        "paths": [
          "M853.333 170.667h-682.667c-46.933 0-84.878 38.4-84.878 85.333l-0.455 512c0 46.933 38.4 85.333 85.333 85.333h682.667c46.933 0 85.333-38.4 85.333-85.333v-512c0-46.933-38.4-85.333-85.333-85.333zM836.267 352.028l-301.625 188.53c-6.44 4.025-14.262 6.413-22.642 6.413s-16.202-2.387-22.824-6.518l0.182 0.106-301.625-188.53c-10.74-6.421-17.82-17.988-17.82-31.209 0-20.014 16.224-36.238 36.238-36.238 7.441 0 14.359 2.243 20.114 6.090l-0.132-0.083 285.867 178.745 285.867-178.802c5.623-3.764 12.541-6.007 19.982-6.007 20.014 0 36.238 16.224 36.238 36.238 0 13.221-7.080 24.788-17.655 31.117l-0.165 0.092z"
        ],
        "attrs": [
          {}
        ],
        "isMulticolor": false,
        "isMulticolor2": false,
        "grid": 0,
        "tags": [
          "email"
        ],
        "colorPermutations": {
          "1171171171175177184125525525513315024313333331": [
            {}
          ]
        }
      },
      "attrs": [
        {}
      ],
      "properties": {
        "order": 49,
        "id": 19,
        "name": "email",
        "prevSize": 32
      },
      "setIdx": 1,
      "setId": 3,
      "iconIdx": 1
    },
    {
      "icon": {
        "paths": [
          "M512 512c94.257 0 170.667-76.41 170.667-170.667s-76.41-170.667-170.667-170.667v0c-94.257 0-170.667 76.41-170.667 170.667s76.41 170.667 170.667 170.667v0zM512 597.333c-113.948 0-341.333 57.173-341.333 170.667v42.667c0 23.438 19.172 42.667 42.667 42.667h597.333c23.438 0 42.667-19.228 42.667-42.667v-42.667c0-113.493-227.442-170.667-341.333-170.667z"
        ],
        "attrs": [
          {}
        ],
        "isMulticolor": false,
        "isMulticolor2": false,
        "grid": 0,
        "tags": [
          "person"
        ],
        "colorPermutations": {
          "1171171171175177184125525525513315024313333331": [
            {}
          ]
        }
      },
      "attrs": [
        {}
      ],
      "properties": {
        "order": 27,
        "id": 18,
        "name": "person",
        "prevSize": 32
      },
      "setIdx": 1,
      "setId": 3,
      "iconIdx": 2
    },
    {
      "icon": {
        "paths": [
          "M796.217 632.775l-104.562-11.947c-2.88-0.359-6.212-0.564-9.593-0.564-22.626 0-43.109 9.172-57.934 24.002l-75.776 75.776c-117.415-60.602-210.724-153.929-269.677-267.904l-1.626-3.456 76.231-76.060c14.829-14.825 24.002-35.309 24.002-57.934 0-3.381-0.205-6.713-0.603-9.987l0.039 0.394-11.947-103.765c-4.951-41.196-39.692-72.818-81.819-72.818-0.036 0-0.071 0-0.107 0l-71.219-0c-46.535 0-85.22 38.684-82.375 85.163 21.845 351.573 303.047 632.377 654.222 654.222 46.478 2.844 85.22-35.84 85.22-82.375v-71.225c0.001-0.117 0.001-0.256 0.001-0.395 0-41.848-31.51-76.336-72.098-81.034l-0.379-0.036z"
        ],
        "attrs": [
          {}
        ],
        "isMulticolor": false,
        "isMulticolor2": false,
        "grid": 0,
        "tags": [
          "phone"
        ],
        "colorPermutations": {
          "1171171171175177184125525525513315024313333331": [
            {}
          ]
        }
      },
      "attrs": [
        {}
      ],
      "properties": {
        "order": 28,
        "id": 17,
        "name": "phone",
        "prevSize": 32
      },
      "setIdx": 1,
      "setId": 3,
      "iconIdx": 3
    },
    {
      "icon": {
        "paths": [
          "M1024 0l-1024 576 327.253 121.173 504.747-473.173-383.915 517.973 0.299 0.085-0.384-0.085v282.027l183.509-214.101 232.533 86.101 159.957-896z"
        ],
        "attrs": [
          {
            "fill": "rgb(255, 255, 255)"
          }
        ],
        "isMulticolor": false,
        "isMulticolor2": false,
        "grid": 0,
        "tags": [
          "send"
        ],
        "colorPermutations": {
          "1171171171175177184125525525513315024313333331": [
            {
              "f": 4
            }
          ]
        }
      },
      "attrs": [
        {
          "fill": "rgb(255, 255, 255)"
        }
      ],
      "properties": {
        "order": 29,
        "id": 16,
        "name": "send",
        "prevSize": 32
      },
      "setIdx": 1,
      "setId": 3,
      "iconIdx": 4
    },
    {
      "icon": {
        "paths": [
          "M1001.487 489.633c-0.044-270.468-219.355-489.691-489.852-489.633-270.482 0.059-489.691 219.37-489.633 489.852 0.057 217.208 141.506 401.364 337.309 465.437l3.463 0.981c1.946 0.614 3.95 0.922 5.998 0.922 3.847 0 7.621-1.039 10.942-2.999 4.33-2.56 7.548-6.627 9.070-11.41l123.67-392.002c33.714-0.117 61-27.475 61-61.206 0-33.803-27.403-61.206-61.206-61.206-9.701 0-18.875 2.257-27.025 6.274l0.359-0.16-163.387-163.416c-3.664-3.535-8.658-5.713-14.161-5.713-11.27 0-20.407 9.136-20.407 20.407 0 5.506 2.181 10.503 5.726 14.174l-0.006-0.006 163.299 163.489c-3.863 7.71-6.124 16.8-6.124 26.417 0 19.251 9.061 36.385 23.15 47.371l0.134 0.1-117.833 373.541c-232.887-85.797-352.139-344.137-266.357-577.024 85.797-232.887 344.123-352.139 577.024-266.342 232.887 85.782 352.139 344.123 266.342 577.009-43.032 114.601-128.103 204.999-235.963 254.019l-2.819 1.147-12.727-59.977c-2.009-9.318-10.179-16.199-19.957-16.199-5.235 0-10.009 1.973-13.62 5.215l0.019-0.017-122.778 109.627c-4.217 3.753-6.859 9.195-6.859 15.255 0 9.068 5.918 16.753 14.103 19.404l0.144 0.040 156.76 50.030c1.87 0.625 4.023 0.985 6.261 0.985 11.262 0 20.392-9.13 20.392-20.392 0-1.515-0.165-2.991-0.478-4.412l0.025 0.135-12.507-58.836c176.885-75.979 298.512-248.692 298.512-449.812 0-0.366-0-0.731-0.001-1.097l0 0.057zM511.751 469.241c11.27-0 20.407 9.136 20.407 20.407s-9.136 20.407-20.407 20.407h-0c-11.27 0-20.407-9.136-20.407-20.407s9.136-20.407 20.407-20.407l-0 0zM578.955 944.889l69.895-62.347 19.295 90.887-89.19-28.54z",
          "M491.344 101.917v40.814c0 11.27 9.136 20.407 20.407 20.407s20.407-9.136 20.407-20.407l-0-0v-40.814c0-11.27-9.136-20.407-20.407-20.407s-20.407 9.136-20.407 20.407v-0zM124.036 469.241c-11.27-0-20.407 9.136-20.407 20.407s9.136 20.407 20.407 20.407h40.814c11.27 0 20.407-9.136 20.407-20.407s-9.136-20.407-20.407-20.407l-40.814 0zM899.467 510.054c11.27 0 20.407-9.136 20.407-20.407s-9.136-20.407-20.407-20.407l-40.814 0c-11.27-0-20.407 9.136-20.407 20.407s9.136 20.407 20.407 20.407h40.814z"
        ],
        "attrs": [
          {
            "fill": "rgb(33, 33, 33)"
          },
          {
            "fill": "rgb(33, 150, 243)"
          }
        ],
        "isMulticolor": true,
        "isMulticolor2": false,
        "grid": 0,
        "tags": [
          "clock"
        ],
        "colorPermutations": {
          "1171171171175177184125525525513315024313333331": [
            {
              "f": 0
            },
            {
              "f": 2
            }
          ]
        }
      },
      "attrs": [
        {
          "fill": "rgb(33, 33, 33)"
        },
        {
          "fill": "rgb(33, 150, 243)"
        }
      ],
      "properties": {
        "order": 30,
        "id": 15,
        "name": "clock",
        "prevSize": 32
      },
      "setIdx": 1,
      "setId": 3,
      "iconIdx": 5
    },
    {
      "icon": {
        "paths": [
          "M1023.166 144.764c-2.040-6.112-7.274-10.624-13.671-11.589l-0.094-0.012-61.147-8.894-27.355-55.398c-5.72-11.674-24.869-11.674-30.588 0l-27.355 55.398-61.147 8.894c-8.317 1.238-14.625 8.33-14.625 16.895 0 4.786 1.97 9.112 5.143 12.212l44.269 43.128-10.445 60.884c-1.097 6.407 1.536 12.873 6.773 16.706 5.31 3.847 12.244 4.33 17.993 1.287l54.682-28.76 54.682 28.76c2.297 1.226 5.025 1.946 7.92 1.946 9.436 0 17.086-7.65 17.086-17.086 0-1.008-0.087-1.996-0.255-2.956l0.015 0.102-10.445-60.884 44.251-43.14c3.176-3.11 5.145-7.441 5.145-12.233 0-1.881-0.303-3.691-0.864-5.384l0.035 0.121zM944.362 187.246c-4.023 3.906-5.851 9.582-4.901 15.111l6.1 35.65-32.007-16.823c-2.306-1.242-5.047-1.972-7.958-1.972s-5.652 0.73-8.049 2.017l0.091-0.045-32.007 16.823 6.1-35.65c0.158-0.872 0.248-1.876 0.248-2.901 0-4.782-1.965-9.106-5.131-12.207l-0.003-0.003-25.936-25.264 35.811-5.193c5.559-0.805 10.357-4.301 12.859-9.348l16.004-32.417 16.004 32.417c2.487 5.047 7.285 8.543 12.859 9.348l35.811 5.193-25.893 25.264zM836.272 656.706h-34.128v34.143h34.128v-34.143zM836.272 724.992h-34.128v34.114h34.128v-34.114zM870.4 690.849h-34.128v34.128h34.128v-34.128zM802.143 690.849h-34.143v34.128h34.143v-34.128zM716.8 844.449h-34.128v34.128h34.128v-34.128zM716.8 912.72h-34.128v34.128h34.128v-34.128zM750.943 878.592h-34.143v34.128h34.143v-34.143zM682.672 878.592h-34.143v34.128h34.143v-34.143zM512 776.192h-34.128v34.128h34.128v-34.143zM512 844.449h-34.128v34.128h34.128v-34.128zM546.128 810.306h-34.128v34.143h34.128v-34.143zM477.872 810.306h-34.143v34.143h34.143v-34.143zM187.728 195.906h-34.128v34.128h34.128v-34.128zM187.728 264.177h-34.128v34.128h34.128v-34.114zM221.857 230.034h-34.128v34.143h34.128v-34.143zM153.6 230.034h-34.143v34.143h34.143v-34.143z",
          "M790.864 453.105c-8.957-12.044-22.351-20.353-37.72-22.508l-0.299-0.034c-2.442-0.371-5.259-0.584-8.125-0.584-13.139 0-25.238 4.458-34.865 11.944l0.128-0.096-40.097 30.705-60.723 45.349-43.447-17.32c77.473-34.757 131.628-112.26 131.628-202.24 0-122.339-99.913-221.872-222.749-221.872s-222.764 99.533-222.764 221.872c0 44.339 13.268 85.577 35.84 120.276l-88.591-0.775c-0.278 0-0.497 0.146-0.746 0.146-1.809 0.088-3.506 0.451-5.089 1.047l0.115-0.038c-0.41 0.146-0.834 0.234-1.229 0.424-0.205 0.088-0.41 0.102-0.614 0.205l-103.453 51.068c-0.015 0-0.044 0-0.044 0.029l-60.577 29.125c-0.777 0.352-1.44 0.728-2.064 1.156l0.045-0.029c-15.419 10.359-25.429 27.734-25.429 47.446 0 9.506 2.328 18.468 6.444 26.347l-0.15-0.314c7.025 13.554 18.958 23.745 33.39 28.328l0.402 0.11c5.139 1.687 11.054 2.66 17.196 2.66 9.86 0 19.135-2.507 27.222-6.919l-0.298 0.149 44.412-23.611 72.441-37.42 43.418-0.249-174.139 173.29c0 0.029-0.029 0.029-0.044 0.044l-42.832 42.657c-9.693 9.572-15.697 22.86-15.697 37.551 0 0.052 0 0.103 0 0.155l-0-0.008c0.058 29.421 23.922 53.248 53.35 53.248 0.026 0 0.051-0 0.077-0l-0.004 0c13.692 0 27.341-5.193 37.771-15.536l42.057-41.882 55.706-41.589 28.818 28.701-99.255 98.831c-9.693 9.572-15.697 22.86-15.697 37.551 0 0.046 0 0.093 0 0.139l-0-0.007c0 14.234 5.559 27.633 15.696 37.727 9.651 9.592 22.952 15.521 37.637 15.521 0.037 0 0.073-0 0.11-0l-0.006 0c13.678 0 27.355-5.179 37.771-15.521l143.623-143.111c0.219-0.205 0.512-0.278 0.717-0.497l165.303-181.058 111.075 15.799c0.805 0.117 1.609 0.176 2.414 0.176 2.048 0 4.052-0.497 5.998-1.229 0.556-0.205 1.039-0.483 1.58-0.746 0.614-0.307 1.258-0.483 1.843-0.878l102.824-68.257c0.38-0.263 0.585-0.673 0.936-0.951 0.41-0.322 0.922-0.453 1.302-0.819l40.667-38.107c11.123-10.418 18.054-25.195 18.054-41.591 0-12.802-4.225-24.617-11.358-34.127l0.106 0.147zM68.169 568.642c-3.14 1.733-6.883 2.752-10.865 2.752-2.5 0-4.907-0.402-7.158-1.145l0.161 0.046c-9.415-2.983-16.119-11.643-16.119-21.868 0-7.534 3.639-14.218 9.255-18.39l0.061-0.044 42.043-20.231 10.123 29.579 4.242 12.434-31.744 16.867zM180.078 510.157l-49.547 25.6-8.163-23.888-5.881-17.174 64.863-32.022-1.273 47.484zM663.259 298.306c0 29.389-7.022 57.11-19.163 81.905l-133.808-60.782c-1.393-18.401-10.957-34.315-25.033-44.273l-0.186-0.125 46.855-155.546c76.069 24.21 131.335 95.188 131.335 178.82zM286.018 298.306c0-103.512 84.612-187.743 188.621-187.743 8.090 0 16.004 0.688 23.845 1.682l-45.831 152.093c-0.614 0-1.185-0.19-1.829-0.19-0.009-0-0.019-0-0.029-0-33.025 0-59.806 26.73-59.889 59.735l-0 0.008c0.1 33.008 26.881 59.728 59.904 59.728 0.005 0 0.010-0 0.016-0l-0.001 0c22.235 0 41.428-12.259 51.785-30.223l123.611 56.144c-34.406 46.299-89.439 76.478-151.581 76.478-104.009 0-188.621-84.217-188.621-187.728zM476.628 323.906c0 14.117-11.586 25.6-25.805 25.6-0.013 0-0.029 0-0.044 0-14.165 0-25.657-11.446-25.731-25.593l-0-0.007c0-14.117 11.557-25.6 25.776-25.6s25.79 11.483 25.79 25.6zM78.863 804.674c-3.514 3.482-8.352 5.634-13.693 5.634-5.326 0-10.152-2.14-13.665-5.607l0.002 0.002c-3.479-3.448-5.633-8.227-5.633-13.509s2.154-10.062 5.631-13.508l0.001-0.001 30.793-30.676 27.268 27.136-30.676 30.544zM181.701 924.145c-3.514 3.482-8.352 5.634-13.693 5.634-5.326 0-10.152-2.14-13.665-5.607l0.002 0.002c-3.482-3.446-5.639-8.226-5.639-13.509s2.156-10.064 5.637-13.508l0.002-0.002 30.808-30.691 27.253 27.121-30.705 30.574zM293.113 813.144l-0.044 0.044-56.466 56.32-27.268-27.121 56.481-56.218c1.273-1.287 2.077-2.823 2.867-4.345 0.219-0.439 0.644-0.819 0.834-1.273 0.527-1.317 0.614-2.736 0.819-4.111 0.102-0.79 0.439-1.521 0.439-2.341 0-1.126-0.41-2.238-0.644-3.365-0.205-1.024-0.205-2.063-0.6-3.057-0.787-1.69-1.766-3.142-2.937-4.415l0.011 0.012c-0.322-0.38-0.439-0.848-0.79-1.214h-0.029s0-0.044-0.029-0.073l-51.419-51.2c-0.541-0.541-1.243-0.761-1.858-1.229-0.812-0.671-1.723-1.283-2.691-1.8l-0.088-0.043c-0.846-0.4-1.841-0.751-2.875-1.002l-0.109-0.022c-0.959-0.303-2.082-0.53-3.24-0.639l-0.066-0.005c-0.219-0.010-0.476-0.016-0.734-0.016-0.82 0-1.626 0.059-2.414 0.173l0.090-0.011c-1.141 0.146-2.209 0.293-3.321 0.658-1.083 0.336-2.033 0.878-3.013 1.434-0.644 0.351-1.36 0.483-1.946 0.922l-56.759 42.364-28.818-28.716 76.771-76.361 139.527 137.245-29.681 29.403zM511.327 588.61c-0.497-0.073-0.965 0.117-1.463 0.088-0.254-0.014-0.552-0.022-0.851-0.022-1.002 0-1.983 0.088-2.936 0.256l0.101-0.015c-2.225 0.355-4.217 1.126-5.975 2.233l0.066-0.039c-0.951 0.585-1.814 1.185-2.648 1.96-0.41 0.351-0.907 0.527-1.287 0.936l-150.323 164.659-138.503-136.207 90.653-90.185c3.084-3.091 4.991-7.357 4.991-12.069 0-9.436-7.65-17.086-17.086-17.086-0.016 0-0.033 0-0.049 0l0.003-0-71.007 0.41 0.892-51.434 99.328 0.848c40.435 41.494 96.865 67.233 159.307 67.233 0.035 0 0.071-0 0.106-0l-0.006 0c14 0 27.648-1.463 40.945-3.92 1.273 1.024 2.545 2.048 4.14 2.706l77.122 30.72 4.871 24.269 5.705 28.336-96.095-13.678zM640.644 594.315l-10.021-49.854 46.285-34.567 30.281 40.214-66.56 44.208zM760.744 503.72l-26.8 25.117-29.798-39.556 26.595-20.392c4.974-3.818 11.235-5.383 17.379-4.579 6.173 0.878 11.644 4.096 15.36 9.099 2.813 3.755 4.505 8.491 4.505 13.623 0 6.578-2.78 12.507-7.228 16.676l-0.013 0.012z",
          "M435.273 593.408l-68.579-68.272c-3.085-3.074-7.34-4.974-12.039-4.974s-8.955 1.9-12.040 4.975l-68.564 68.271c-3.088 3.1-4.996 7.376-4.996 12.098s1.909 8.998 4.997 12.098l-0.001-0.001 68.549 68.272c3.085 3.078 7.344 4.981 12.047 4.981s8.961-1.903 12.047-4.982l-0 0 68.579-68.272c3.105-3.092 5.027-7.37 5.027-12.098s-1.921-9.006-5.026-12.097l-0.001-0.001zM354.67 649.699l-44.383-44.178 44.368-44.193 44.398 44.178-44.398 44.178zM549.259 162.26l-8.251 33.148c2.282 0.571 55.603 14.453 55.603 68.754h34.143c0-64.541-53.307-94.881-81.496-101.903zM630.755 298.306h-34.143v34.128h34.143v-34.128z"
        ],
        "attrs": [
          {
            "fill": "rgb(33, 150, 243)"
          },
          {
            "fill": "rgb(33, 33, 33)"
          },
          {
            "fill": "rgb(33, 33, 33)"
          }
        ],
        "isMulticolor": true,
        "isMulticolor2": false,
        "grid": 0,
        "tags": [
          "cosmos"
        ],
        "colorPermutations": {
          "1171171171175177184125525525513315024313333331": [
            {
              "f": 2
            },
            {
              "f": 0
            },
            {
              "f": 0
            }
          ]
        }
      },
      "attrs": [
        {
          "fill": "rgb(33, 150, 243)"
        },
        {
          "fill": "rgb(33, 33, 33)"
        },
        {
          "fill": "rgb(33, 33, 33)"
        }
      ],
      "properties": {
        "order": 31,
        "id": 14,
        "name": "cosmos",
        "prevSize": 32
      },
      "setIdx": 1,
      "setId": 3,
      "iconIdx": 6
    },
    {
      "icon": {
        "paths": [
          "M928 128h-832c-52.928 0-96 43.072-96 96v576c0 52.928 43.072 96 96 96h832c52.928 0 96-43.072 96-96v-576c0-52.928-43.072-96-96-96zM928 192c4.352 0 8.512 0.896 12.288 2.496l-428.288 371.2-428.288-371.2c3.627-1.568 7.849-2.485 12.284-2.496l0.004-0h832zM928 832h-832c-17.673 0-32-14.327-32-32v0-537.92l427.008 370.112c5.586 4.875 12.942 7.848 20.992 7.848s15.406-2.973 21.030-7.88l-0.038 0.032 427.008-370.112v537.92c0 17.673-14.327 32-32 32v0z"
        ],
        "attrs": [
          {
            "fill": "rgb(117, 117, 117)"
          }
        ],
        "isMulticolor": false,
        "isMulticolor2": false,
        "grid": 0,
        "tags": [
          "envelope"
        ],
        "colorPermutations": {
          "1171171171175177184125525525513315024313333331": [
            {
              "f": 1
            }
          ]
        }
      },
      "attrs": [
        {
          "fill": "rgb(117, 117, 117)"
        }
      ],
      "properties": {
        "order": 32,
        "id": 13,
        "name": "envelope",
        "prevSize": 32
      },
      "setIdx": 1,
      "setId": 3,
      "iconIdx": 7
    },
    {
      "icon": {
        "paths": [
          "M682.496 169.984h93.542v-162.816c-39.438-4.57-85.133-7.177-131.438-7.177-1.672 0-3.343 0.003-5.013 0.010l0.259-0.001c-134.81 0-227.174 84.787-227.174 240.64v143.36h-148.685v182.016h148.685v457.984h182.374v-457.933h142.694l22.682-182.016h-165.427v-125.491c0-52.582 14.182-88.576 87.501-88.576z"
        ],
        "attrs": [
          {
            "fill": "rgb(255, 255, 255)"
          }
        ],
        "isMulticolor": false,
        "isMulticolor2": false,
        "grid": 0,
        "tags": [
          "facebook"
        ],
        "colorPermutations": {
          "1171171171175177184125525525513315024313333331": [
            {
              "f": 4
            }
          ]
        }
      },
      "attrs": [
        {
          "fill": "rgb(255, 255, 255)"
        }
      ],
      "properties": {
        "order": 33,
        "id": 12,
        "name": "facebook",
        "prevSize": 32
      },
      "setIdx": 1,
      "setId": 3,
      "iconIdx": 8
    },
    {
      "icon": {
        "paths": [
          "M1022.976 301.056c-2.355-54.426-11.162-91.802-23.757-124.211-13.577-35.567-33.733-65.876-59.193-90.785l-0.045-0.044c-24.946-25.349-55.171-45.423-88.902-58.449l-1.722-0.585c-32.614-12.595-69.786-21.35-124.211-23.757-54.784-2.611-72.192-3.226-211.251-3.226-139.008 0-156.416 0.614-211.046 3.021-54.374 2.355-91.802 11.162-124.16 23.757-35.587 13.57-65.913 33.727-90.837 59.194l-0.043 0.044c-25.327 24.951-45.383 55.175-58.398 88.901l-0.585 1.723c-12.646 32.614-21.402 69.786-23.808 124.211-2.611 54.784-3.226 72.192-3.226 211.251 0 139.008 0.614 156.416 3.021 211.046 2.406 54.426 11.213 91.802 23.808 124.211 13.646 35.534 33.772 65.828 59.153 90.795l0.034 0.033c25.6 26.010 56.627 46.182 90.624 58.982 32.614 12.646 69.837 21.453 124.211 23.808 54.63 2.406 72.038 3.021 211.046 3.021 139.059 0 156.467-0.614 211.046-3.021 54.426-2.355 91.802-11.162 124.211-23.757 69.038-27.2 122.662-80.825 149.244-148.088l0.618-1.774c12.595-32.614 21.402-69.837 23.808-124.211 2.406-54.63 2.97-72.038 2.97-211.046s-0.205-156.416-2.56-211.046zM930.816 719.155c-2.253 50.022-10.65 77.005-17.613 95.027-17.663 44.783-52.473 79.56-96.128 96.777l-1.152 0.4c-17.92 7.014-45.158 15.411-94.976 17.613-54.016 2.406-70.195 3.021-206.848 3.021-136.602 0-153.037-0.614-206.848-3.021-50.022-2.202-77.005-10.598-95.027-17.613-23.057-8.61-42.695-21.63-58.74-38.157l-0.037-0.039c-16.538-16.11-29.565-35.738-37.882-57.683l-0.364-1.095c-6.963-18.022-15.36-45.21-17.562-95.027-2.406-54.016-3.021-70.246-3.021-206.848 0-136.653 0.614-153.088 3.021-206.848 2.202-50.022 10.598-77.005 17.562-95.027 8.599-23.112 21.698-42.78 38.348-58.779l0.052-0.049c16.136-16.537 35.801-29.551 57.785-37.833l1.095-0.362c17.92-7.014 45.158-15.36 94.976-17.613 54.016-2.355 70.246-2.97 206.848-2.97 136.806 0 153.037 0.614 206.848 2.97 50.022 2.202 77.005 10.598 95.027 17.613 22.17 8.192 42.394 21.197 58.778 38.195 16.998 16.64 30.003 36.608 38.246 58.88 6.963 17.92 15.36 45.158 17.562 94.976 2.406 54.016 3.021 70.195 3.021 206.848 0 136.602-0.614 152.576-3.021 206.643z",
          "M513.894 249.037c-145.253 0.058-262.985 117.808-263.014 263.063l-0 0.003c-0 0.015-0 0.033-0 0.051 0 145.315 117.801 263.117 263.117 263.117s263.117-117.801 263.117-263.117c0-145.315-117.801-263.117-263.117-263.117-0.018 0-0.036 0-0.054 0l0.003-0zM513.894 682.701c-94.236-0.015-170.624-76.411-170.624-170.65 0-94.247 76.402-170.65 170.65-170.65 0.009 0 0.018 0 0.027 0l-0.001-0c94.261 0 170.675 76.414 170.675 170.675s-76.414 170.675-170.675 170.675l0-0zM848.794 238.643c0 33.932-27.508 61.44-61.44 61.44s-61.44-27.508-61.44-61.44l-0-0c0-33.932 27.508-61.44 61.44-61.44s61.44 27.508 61.44 61.44v-0z"
        ],
        "attrs": [
          {
            "fill": "rgb(255, 255, 255)"
          },
          {
            "fill": "rgb(255, 255, 255)"
          }
        ],
        "isMulticolor": false,
        "isMulticolor2": false,
        "grid": 0,
        "tags": [
          "instagram"
        ],
        "colorPermutations": {
          "1171171171175177184125525525513315024313333331": [
            {
              "f": 4
            },
            {
              "f": 4
            }
          ]
        }
      },
      "attrs": [
        {
          "fill": "rgb(255, 255, 255)"
        },
        {
          "fill": "rgb(255, 255, 255)"
        }
      ],
      "properties": {
        "order": 34,
        "id": 11,
        "name": "instagram",
        "prevSize": 32
      },
      "setIdx": 1,
      "setId": 3,
      "iconIdx": 9
    },
    {
      "icon": {
        "paths": [
          "M477.623 478.866h34.114v153.527h-34.114v-153.527zM614.078 547.109h34.114v85.285h-34.114v-85.285zM341.153 598.279h34.114v34.114h-34.114v-34.114zM238.811 581.208h34.114v51.171h-34.114v-51.171z",
          "M51.171 905.304h818.761c0.004 0 0.009 0 0.015 0 28.261 0 51.171-22.91 51.171-51.171l-0-0v-68.228c0-28.261-22.91-51.171-51.171-51.171v-0h-17.057v-425.399l96.885-91.78c6.636 3.343 14.463 5.3 22.747 5.3 28.422 0 51.463-23.041 51.463-51.463s-23.041-51.463-51.463-51.463c-28.422 0-51.463 23.041-51.463 51.463 0 7.9 1.78 15.385 4.961 22.075l-0.133-0.312-72.997 69.193v-39.351c0-28.261-22.91-51.171-51.171-51.171v0h-682.32c-28.261 0-51.171 22.91-51.171 51.171v0 511.737h-17.057c-28.261 0-51.171 22.91-51.171 51.171v-0 68.228c0 28.261 22.91 51.171 51.171 51.171v0zM972.288 154.77c9.42-0 17.057 7.637 17.057 17.057s-7.637 17.057-17.057 17.057h-0c-9.42 0-17.057-7.637-17.057-17.057s7.637-17.057 17.057-17.057v0zM102.341 222.998c0-9.421 7.636-17.057 17.057-17.057h682.32c9.421 0 17.057 7.636 17.057 17.057v71.636l-34.114 32.417v-69.925c0-9.435-7.651-17.072-17.072-17.072h-614.064c-9.421 0-17.072 7.636-17.072 17.057v426.452c0 9.421 7.651 17.057 17.072 17.057h614.064c9.435 0 17.072-7.636 17.072-17.057v-309.584l34.114-32.329v393.070h-716.434v-511.707zM255.868 444.752c-0.044-0-0.097-0-0.15-0-28.261 0-51.171 22.91-51.171 51.171s22.91 51.171 51.171 51.171c13.833 0 26.384-5.489 35.594-14.407l-0.014 0.013 59.29 29.755c6.89 3.438 15.243 1.829 20.363-3.92l126.040-141.809 123.904 92.848c6.656 4.974 15.931 4.447 21.957-1.258l107.681-102.005v260.198h-579.95v-392.338h579.95v85.138l-120.686 114.293-124.928-93.667c-2.819-2.134-6.384-3.419-10.249-3.419-5.060 0-9.606 2.202-12.732 5.699l-0.015 0.017-127.766 143.77-47.762-23.888c0.336-2.048 0.556-4.111 0.644-6.188 0-28.261-22.91-51.171-51.171-51.171h-0zM272.925 495.923c0 9.42-7.637 17.057-17.057 17.057s-17.057-7.637-17.057-17.057v0c0-9.42 7.637-17.057 17.057-17.057s17.057 7.637 17.057 17.057v0zM375.267 768.848h170.569v17.057c0 9.421-7.621 17.057-17.042 17.057h-136.47c-9.42 0-17.057-7.637-17.057-17.057v0-17.057zM34.128 785.905c0-9.421 7.621-17.057 17.042-17.057h289.982v17.057c0 28.261 22.91 51.171 51.171 51.171v0h136.47c28.261-0 51.171-22.91 51.171-51.171v0-17.057h289.982c9.421 0 17.057 7.636 17.057 17.057v68.228c0 9.421-7.636 17.057-17.057 17.057h-818.761c-0.004 0-0.009 0-0.015 0-9.42 0-17.057-7.637-17.057-17.057 0-0 0-0 0-0l-0 0v-68.228z"
        ],
        "attrs": [
          {
            "fill": "rgb(33, 150, 243)"
          },
          {
            "fill": "rgb(33, 33, 33)"
          }
        ],
        "isMulticolor": true,
        "isMulticolor2": false,
        "grid": 0,
        "tags": [
          "laptop"
        ],
        "colorPermutations": {
          "1171171171175177184125525525513315024313333331": [
            {
              "f": 2
            },
            {
              "f": 0
            }
          ]
        }
      },
      "attrs": [
        {
          "fill": "rgb(33, 150, 243)"
        },
        {
          "fill": "rgb(33, 33, 33)"
        }
      ],
      "properties": {
        "order": 35,
        "id": 10,
        "name": "laptop",
        "prevSize": 32
      },
      "setIdx": 1,
      "setId": 3,
      "iconIdx": 10
    },
    {
      "icon": {
        "paths": [
          "M1023.744 1024h0.256v-375.603c0-183.706-39.578-325.222-254.31-325.222-103.27 0-172.544 56.627-200.858 110.387h-2.97v-93.235h-203.674v683.622h212.070v-338.483c0-89.139 16.896-175.36 127.283-175.36 108.749 0 110.336 101.734 110.336 181.043v332.851h211.866zM16.896 340.326h212.326v683.674h-212.326v-683.674zM122.982 0c-67.921 0-122.982 55.061-122.982 122.982v0c0 67.84 55.091 124.109 122.982 124.109 67.84 0 122.931-56.218 122.931-124.109-0.029-67.892-55.044-122.924-122.926-122.982l-0.006-0z"
        ],
        "attrs": [
          {
            "fill": "rgb(255, 255, 255)"
          }
        ],
        "isMulticolor": false,
        "isMulticolor2": false,
        "grid": 0,
        "tags": [
          "linkedin"
        ],
        "colorPermutations": {
          "1171171171175177184125525525513315024313333331": [
            {
              "f": 4
            }
          ]
        }
      },
      "attrs": [
        {
          "fill": "rgb(255, 255, 255)"
        }
      ],
      "properties": {
        "order": 38,
        "id": 9,
        "name": "linkedin",
        "prevSize": 32
      },
      "setIdx": 1,
      "setId": 3,
      "iconIdx": 11
    },
    {
      "icon": {
        "paths": [
          "M736 0h-448c-52.928 0-96 43.072-96 96v832c0 52.928 43.072 96 96 96h448c52.928 0 96-43.072 96-96v-832c0-52.928-43.072-96-96-96zM288 64h448c17.673 0 32 14.327 32 32v0 672h-512v-672c0-17.673 14.327-32 32-32v0zM736 960h-448c-17.673 0-32-14.327-32-32v0-96h512v96c0 17.673-14.327 32-32 32v0z",
          "M342.656 879.296c5.767 5.232 9.374 12.755 9.374 21.12s-3.607 15.888-9.35 21.099l-0.024 0.021c-5.952 5.449-13.914 8.787-22.656 8.787s-16.704-3.339-22.681-8.81l0.025 0.023c-5.767-5.232-9.374-12.755-9.374-21.12s3.607-15.888 9.35-21.099l0.024-0.021c5.952-5.449 13.914-8.787 22.656-8.787s16.704 3.339 22.681 8.81l-0.025-0.023z"
        ],
        "attrs": [
          {
            "fill": "rgb(117, 117, 117)"
          },
          {
            "fill": "rgb(117, 117, 117)"
          }
        ],
        "isMulticolor": false,
        "isMulticolor2": false,
        "grid": 0,
        "tags": [
          "smartphone"
        ],
        "colorPermutations": {
          "1171171171175177184125525525513315024313333331": [
            {
              "f": 1
            },
            {
              "f": 1
            }
          ]
        }
      },
      "attrs": [
        {
          "fill": "rgb(117, 117, 117)"
        },
        {
          "fill": "rgb(117, 117, 117)"
        }
      ],
      "properties": {
        "order": 37,
        "id": 8,
        "name": "smartphone",
        "prevSize": 32
      },
      "setIdx": 1,
      "setId": 3,
      "iconIdx": 12
    },
    {
      "icon": {
        "paths": [
          "M984.737 707.131l-270.19-272.165 29.989-147.705c7.193 2.894 15.53 4.601 24.257 4.666l0.027 0h0.205c0.243 0.003 0.531 0.005 0.818 0.005 38.158 0 69.091-30.933 69.091-69.091s-30.933-69.091-69.091-69.091c-38.158 0-69.091 30.933-69.091 69.091 0 8.301 1.464 16.26 4.147 23.633l-0.153-0.48-158.72 19.383-258.896-260.257c-3.069-3.131-7.33-5.083-12.047-5.12l-0.007-0c-4.476 0.029-8.777 1.814-11.952 4.974l-48.377 48.128c-3.088 3.089-4.997 7.356-4.997 12.069s1.91 8.98 4.997 12.069l-0-0 26.039 26.405c-36.576 65.993-58.103 144.706-58.103 228.447 0 131.377 52.985 250.379 138.751 336.802l-0.030-0.030c1.375 1.317 2.955 2.355 4.681 3.116-1.024 5.245-1.629 11.295-1.667 17.478l-0 0.032v197.983h-204.8c-47.115 0.042-85.299 38.216-85.358 85.323l-0 0.006v34.128c0 9.435 7.651 17.072 17.072 17.072h785.072c9.421 0 17.057-7.636 17.057-17.072v-34.128c-0.058-47.102-38.226-85.27-85.323-85.328l-204.806-0v-87.742c32.080 6.729 64.775 10.152 97.558 10.24 82.553-0.090 160.151-21.217 227.748-58.307l-2.468 1.241 26.185 26.331c3.16 3.233 7.504 5.076 12.039 5.12 4.476-0.029 8.777-1.814 11.952-4.974l48.391-48.128c3.088-3.089 4.997-7.356 4.997-12.069s-1.91-8.98-4.997-12.069l0 0zM744.96 199.461c6.17-6.138 14.676-9.933 24.069-9.933 18.849 0 34.128 15.28 34.128 34.128s-15.28 34.128-34.128 34.128c-0.002 0-0.004-0-0.005-0l-0.117 0c-18.771-0.102-33.948-15.343-33.948-34.128 0-9.456 3.846-18.014 10.058-24.195l0.001-0.001h-0.059zM704.775 311.589l-19.149 94.267-37.61-37.844 56.759-56.422zM685.392 282.726l-61.44 61.089-47.543-47.792 108.983-13.297zM768.132 921.6c28.277 0 51.2 22.923 51.2 51.2v0 17.072h-750.928v-17.072c0-28.277 22.923-51.2 51.2-51.2v0h648.528zM529.203 853.328v34.143h-170.672v-34.143h170.672zM358.532 819.2v-129.712c0-41.399 38.283-75.088 85.328-75.088 47.060 0 85.343 33.69 85.343 75.088v129.712h-170.672zM563.332 764.928v-75.44c0-60.226-53.584-109.217-119.472-109.217-0.555-0.009-1.21-0.014-1.867-0.014-43.281 0-81.28 22.613-102.828 56.669l-0.295 0.499c-75.515-79.415-121.968-187.081-121.968-305.598 0-74.053 18.136-143.87 50.209-205.252l-1.165 2.448 595.266 598.674c-58.323 30.297-127.343 48.066-200.514 48.066-34.517 0-68.11-3.954-100.351-11.434l2.983 0.583zM924.584 743.044l-673.821-677.786 24.137-24.064 253.923 255.356c0.117 0 0.19 0.219 0.307 0.307l419.664 422.122-24.21 24.064z",
          "M444.021 648.528h-0.146c-0.024-0-0.052-0-0.080-0-28.277 0-51.2 22.923-51.2 51.2 0 28.249 22.877 51.154 51.115 51.2l0.004 0h0.146c0.022 0 0.047 0 0.073 0 28.277 0 51.2-22.923 51.2-51.2 0-28.251-22.881-51.158-51.123-51.2l-0.004-0zM455.958 711.841c-3.087 3.074-7.344 4.974-12.045 4.974-9.428 0-17.072-7.643-17.072-17.072 0-9.41 7.613-17.041 17.016-17.071l0.003-0c9.389 0.041 16.984 7.662 16.984 17.057 0 4.729-1.924 9.008-5.032 12.097l-0.001 0.001h0.146z"
        ],
        "attrs": [
          {
            "fill": "rgb(33, 33, 33)"
          },
          {
            "fill": "rgb(33, 150, 243)"
          }
        ],
        "isMulticolor": true,
        "isMulticolor2": false,
        "grid": 0,
        "tags": [
          "sputnik"
        ],
        "colorPermutations": {
          "1171171171175177184125525525513315024313333331": [
            {
              "f": 0
            },
            {
              "f": 2
            }
          ]
        }
      },
      "attrs": [
        {
          "fill": "rgb(33, 33, 33)"
        },
        {
          "fill": "rgb(33, 150, 243)"
        }
      ],
      "properties": {
        "order": 39,
        "id": 7,
        "name": "sputnik",
        "prevSize": 32
      },
      "setIdx": 1,
      "setId": 3,
      "iconIdx": 13
    },
    {
      "icon": {
        "paths": [
          "M1024 194.509c-35.201 15.787-76.040 27.429-118.809 32.899l-2.176 0.227c43.522-26.13 76.217-66.496 91.947-114.543l0.418-1.476c-38.319 23.119-82.92 40.743-130.431 50.337l-2.689 0.453c-38.393-40.925-92.814-66.42-153.19-66.42-115.907 0-209.869 93.961-209.869 209.869 0 0.041 0 0.081 0 0.122l-0-0.006c0 16.64 1.382 32.666 4.864 47.872-174.541-8.499-328.96-92.16-432.691-219.546-18.048 30.373-28.761 66.941-28.877 106.002l-0 0.033c0 72.704 37.478 137.165 93.235 174.438-34.92-0.962-67.432-10.41-95.815-26.343l1.044 0.538v2.304c0.093 101.277 71.562 185.835 166.812 206.090l1.38 0.246c-15.959 4.362-34.284 6.869-53.194 6.869-0.649 0-1.297-0.003-1.945-0.009l0.099 0.001c-13.414 0-26.982-0.768-39.731-3.584 27.187 83.149 104.346 144.282 196.147 146.227-70.873 55.863-161.454 89.6-259.915 89.6-0.135 0-0.271-0-0.406-0l0.021 0c-0.589 0.003-1.286 0.005-1.984 0.005-17.005 0-33.758-1.081-50.193-3.178l1.95 0.203c90.444 59.073 201.183 94.211 320.128 94.211 0.675 0 1.35-0.001 2.025-0.003l-0.105 0c386.304 0 597.504-320 597.504-597.402 0-9.216-0.307-18.227-0.768-27.136 41.558-29.942 76.495-66.036 104.266-107.35l0.95-1.501z"
        ],
        "attrs": [
          {
            "fill": "rgb(255, 255, 255)"
          }
        ],
        "isMulticolor": false,
        "isMulticolor2": false,
        "grid": 0,
        "tags": [
          "twitter"
        ],
        "colorPermutations": {
          "1171171171175177184125525525513315024313333331": [
            {
              "f": 4
            }
          ]
        }
      },
      "attrs": [
        {
          "fill": "rgb(255, 255, 255)"
        }
      ],
      "properties": {
        "order": 46,
        "id": 6,
        "name": "twitter",
        "prevSize": 32
      },
      "setIdx": 1,
      "setId": 3,
      "iconIdx": 14
    },
    {
      "icon": {
        "paths": [
          "M648.533 119.467l119.6 113.222-222-0.13v549.328h580.267v-210.034l119.467 113.097v-565.484h-597.333zM1121.15 558.563l-339.111-321.029h339.111v321.029zM1015.861 701.534h-377.907v-369.452h26.713v344.436h351.194v25.016zM727.192 855.025l-13.959 28.751-13.959-28.751h-11.708l20.376 38.333v22.333h10.583v-22.333l20.333-38.333h-11.667zM744.733 915.692l4.917-14.124h23.501l4.958 14.124h10.999l-22.958-60.667h-9.458l-22.917 60.667h10.959zM761.4 867.9l8.791 25.167h-17.584l8.793-25.167zM816.983 891.609c-1.527 2.333-2.292 4.902-2.292 7.707 0 5.111 1.792 9.264 5.376 12.459 3.611 3.168 8.416 4.75 14.416 4.75s11.167-1.625 15.5-4.874l3.417 4.041h11.75l-8.917-10.542c3.5-4.777 5.25-10.902 5.25-18.374h-8.791c0 4.082-0.847 7.791-2.541 11.124l-11.709-13.833 4.125-3c2.917-2.111 5.014-4.222 6.292-6.333 1.278-2.138 1.917-4.471 1.917-6.999 0-3.835-1.417-7.042-4.25-9.626-2.806-2.611-6.417-3.917-10.834-3.917-4.89 0-8.777 1.389-11.667 4.166-2.889 2.751-4.333 6.501-4.333 11.25 0 1.944 0.459 3.958 1.376 6.042 0.944 2.084 2.598 4.611 4.958 7.584-4.5 3.222-7.514 6.013-9.042 8.375zM844.358 905.025c-2.971 2.278-6.166 3.417-9.583 3.417-3.028 0-5.444-0.876-7.25-2.625s-2.708-4.028-2.708-6.833c0-3.249 1.667-6.139 5.001-8.666l1.292-0.916 13.249 15.625zM833.483 878.15c-2.86-3.528-4.292-6.458-4.292-8.791 0-2.029 0.584-3.709 1.751-5.041 1.166-1.335 2.736-2 4.709-2 1.833 0 3.347 0.568 4.541 1.708 1.195 1.111 1.792 2.458 1.792 4.041 0 2.389-0.862 4.347-2.584 5.874l-1.292 1.043-4.625 3.166zM932.233 911.109c4.168-3.64 6.557-8.695 7.168-15.167h-10.501c-0.555 4.333-1.874 7.431-3.958 9.291-2.084 1.862-5.195 2.792-9.334 2.792-4.528 0-7.972-1.722-10.332-5.166-2.335-3.446-3.5-8.445-3.5-15.002v-5.374c0.055-6.472 1.306-11.375 3.75-14.708 2.473-3.36 6.001-5.041 10.583-5.041 3.944 0 6.931 0.971 8.958 2.917 2.057 1.917 3.333 5.055 3.833 9.416h10.501c-0.667-6.639-3.043-11.778-7.125-15.416-4.084-3.639-9.472-5.458-16.167-5.458-4.972 0-9.361 1.181-13.167 3.541-3.777 2.362-6.68 5.722-8.707 10.083-2.028 4.362-3.041 9.404-3.041 15.126v5.666c0.082 5.583 1.125 10.486 3.125 14.708s4.833 7.487 8.499 9.791c3.695 2.278 7.958 3.417 12.791 3.417 6.917 0 12.459-1.806 16.625-5.415zM994.191 902.608c2.057-4.5 3.084-9.723 3.084-15.667v-3.374c-0.027-5.917-1.084-11.097-3.168-15.543-2.082-4.471-5.041-7.888-8.875-10.249-3.806-2.389-8.18-3.584-13.124-3.584s-9.334 1.208-13.167 3.625c-3.806 2.389-6.764 5.847-8.875 10.375-2.084 4.528-3.125 9.75-3.125 15.667v3.417c0.027 5.804 1.082 10.929 3.166 15.374 2.111 4.446 5.084 7.876 8.917 10.293 3.86 2.388 8.25 3.582 13.167 3.582 4.972 0 9.361-1.195 13.165-3.582 3.833-2.417 6.779-5.861 8.834-10.334zM982.9 868.316c2.555 3.584 3.833 8.736 3.833 15.459v3.166c0 6.833-1.265 12.029-3.792 15.584-2.499 3.557-6.083 5.333-10.749 5.333-4.611 0-8.223-1.819-10.834-5.458-2.584-3.639-3.876-8.791-3.876-15.459v-3.499c0.056-6.528 1.362-11.569 3.917-15.126 2.584-3.582 6.153-5.374 10.709-5.374 4.666 0 8.264 1.792 10.791 5.374z"
        ],
        "attrs": [
          {
            "fill": "rgb(175, 177, 184)"
          }
        ],
        "width": 1809,
        "isMulticolor": false,
        "isMulticolor2": false,
        "grid": 0,
        "tags": [
          "Client 1"
        ],
        "colorPermutations": {
          "1171171171175177184125525525513315024313333331": [
            {
              "f": 3
            }
          ]
        }
      },
      "attrs": [
        {
          "fill": "rgb(175, 177, 184)"
        }
      ],
      "properties": {
        "order": 45,
        "id": 5,
        "name": "Client-1",
        "prevSize": 32
      },
      "setIdx": 1,
      "setId": 3,
      "iconIdx": 15
    },
    {
      "icon": {
        "paths": [
          "M855.272 101.282h-2.331c-3.582-0.217-7.166-0.304-10.75-0.391v0h-7.77c-6.779 0-13.687 0.174-20.552 0.521-0.517-0.038-1.036-0.038-1.553 0-62.198 3.524-123.134 19.070-179.475 45.786l-7.383 3.559v377.876l17.27-5.859c15.153-5.209 31.3-9.895 48.009-14.235 45.167-11.595 91.544-17.758 138.158-18.357v49.647c-6.175 0.044-12.175 0.218-18.176 0.522h-1.425c-35.874 1.968-71.472 7.433-106.295 16.317-44.102 11.042-86.647 27.621-126.63 49.345v-484.637c41.525-24.22 86.25-42.411 132.847-54.032 40.911-10.563 82.966-15.985 125.204-16.144h7.296c8.721 0.217 17.227 0.608 25.214 1.215 21.043 1.478 41.917 4.803 62.385 9.938v48.867c-19.878-4.631-40.088-7.678-60.443-9.114-0.413-0.035-0.826-0.070-1.239-0.105-4.212-0.359-8.429-0.719-12.361-0.719zM941.274 151.234c10.836 0.825 22.062 1.215 33.417 1.215 44.402-0.162 88.615-5.833 131.637-16.882 44.081-11.084 86.608-27.675 126.587-49.388v476c-41.547 24.206-86.286 42.395-132.89 54.031-40.917 10.523-82.97 15.93-125.204 16.102-32.002 0.258-63.91-3.504-94.983-11.197v-479.082c7.339 1.693 14.894 3.255 22.579 4.557 12.607 2.127 25.905 3.689 38.857 4.644zM1183.524 154.923l-17.27 5.815c-15.889 5.338-31.906 10.112-48.010 14.365-46.886 12.049-95.073 18.229-143.468 18.401-11.267 0-21.629-0.304-31.645-0.956l-13.773-0.911v388.726l11.829 1.041c10.967 0.956 22.279 1.432 33.676 1.432 38.118-0.16 76.070-5.074 112.986-14.624 30.397-7.625 59.972-18.251 88.291-31.725l7.383-3.558v-378.006z",
          "M609.913 771.625c-2.481-2.575-5.475-4.598-8.784-5.936-3.311-1.338-6.863-1.963-10.428-1.833-3.799-0.051-7.571 0.657-11.095 2.084-3.232 1.287-6.17 3.22-8.636 5.685-2.437 2.471-4.335 5.427-5.569 8.68-1.353 3.408-2.029 7.050-1.987 10.72v64.751c-0.154 4.562 0.717 9.102 2.548 13.28 1.527 3.318 3.734 6.275 6.475 8.68 2.589 2.179 5.627 3.75 8.895 4.601 3.147 0.884 6.402 1.336 9.67 1.345 3.606 0.036 7.175-0.736 10.448-2.256 3.236-1.417 6.17-3.451 8.636-5.99 2.403-2.516 4.321-5.458 5.654-8.68 1.384-3.265 2.089-6.779 2.074-10.329v-7.247h-16.925v5.772c0.051 1.971-0.287 3.932-0.993 5.772-0.551 1.377-1.389 2.621-2.461 3.645-1.048 0.847-2.249 1.481-3.54 1.865-1.143 0.381-2.336 0.585-3.54 0.608-1.512 0.176-3.041-0.051-4.437-0.662-1.394-0.609-2.604-1.579-3.507-2.809-1.596-2.603-2.377-5.625-2.244-8.68v-60.368c-0.106-3.347 0.606-6.67 2.072-9.677 0.879-1.367 2.121-2.458 3.587-3.149s3.094-0.954 4.702-0.758c1.459-0.051 2.908 0.253 4.224 0.887s2.459 1.582 3.331 2.758c1.894 2.487 2.884 5.55 2.806 8.68v5.598h16.753v-6.596c0.032-3.874-0.671-7.719-2.074-11.327-1.249-3.393-3.174-6.494-5.656-9.114v0z",
          "M710.467 770.886c-5.396-4.557-12.208-7.074-19.255-7.117-3.447 0.014-6.866 0.631-10.103 1.823-3.287 1.178-6.32 2.975-8.936 5.294-2.804 2.521-5.041 5.613-6.564 9.071-1.705 3.954-2.543 8.233-2.461 12.542v62.104c-0.116 4.369 0.724 8.709 2.461 12.716 1.533 3.338 3.772 6.301 6.564 8.678 2.587 2.403 5.625 4.262 8.936 5.47 3.238 1.191 6.656 1.807 10.103 1.823 3.447-0.007 6.868-0.625 10.102-1.823 3.369-1.225 6.473-3.081 9.153-5.47 2.7-2.422 4.874-5.376 6.39-8.678 1.737-4.007 2.579-8.347 2.461-12.716v-62.104c0.084-4.309-0.756-8.588-2.461-12.542-1.505-3.422-3.678-6.506-6.39-9.071v0zM702.566 854.603c0.142 1.655-0.087 3.321-0.669 4.876-0.584 1.555-1.505 2.958-2.698 4.108-2.236 1.874-5.055 2.901-7.967 2.901s-5.729-1.027-7.965-2.901c-1.195-1.15-2.116-2.553-2.698-4.108-0.584-1.555-0.812-3.22-0.669-4.876v-62.104c-0.143-1.655 0.085-3.321 0.669-4.876 0.582-1.555 1.504-2.959 2.698-4.108 2.236-1.874 5.053-2.901 7.965-2.901s5.731 1.027 7.967 2.901c1.193 1.149 2.115 2.553 2.698 4.108 0.582 1.555 0.811 3.22 0.669 4.876v62.104z",
          "M842.535 882.336v-117.567h-16.276l-21.371 62.234h-0.302l-21.545-62.234h-16.104v117.567h16.795v-71.521h0.302l16.449 50.56h8.376l16.579-50.56h0.302v71.521h16.795z",
          "M937.952 773.012c-2.587-2.901-5.85-5.11-9.499-6.424-3.93-1.278-8.044-1.894-12.175-1.823h-24.953v117.569h16.751v-45.916h8.634c5.228 0.237 10.428-0.869 15.111-3.212 3.809-2.115 6.985-5.217 9.197-8.984 1.937-3.127 3.243-6.608 3.842-10.242 0.659-4.424 0.963-8.895 0.906-13.367 0.164-5.646-0.387-11.29-1.64-16.795-1.118-4.069-3.241-7.788-6.173-10.807v0zM929.316 808.859c-0.072 2.128-0.602 4.217-1.555 6.12-0.957 1.807-2.471 3.255-4.316 4.122-2.481 1.111-5.188 1.616-7.902 1.476h-7.641v-39.97h8.634c2.601-0.128 5.192 0.379 7.555 1.475 1.732 0.995 3.108 2.514 3.929 4.34 0.916 2.065 1.415 4.294 1.468 6.554 0 2.475 0 5.077 0 7.811s0.172 5.555 0 8.073h-0.172z",
          "M1017.305 764.769h-13.73l-25.904 117.567h16.751l4.922-25.259h22.839l4.922 25.259h16.753l-26.552-117.567zM1001.847 841.064l8.247-42.617h0.302l8.204 42.617h-16.753z",
          "M1125.542 835.596h-0.302l-25.3-70.827h-16.104v117.567h16.751v-70.697h0.346l25.602 70.697h15.758v-117.567h-16.751v70.827z",
          "M1227.906 764.769l-13.471 46.74h-0.345l-13.471-46.74h-17.744l23.011 67.876v49.691h16.753v-49.691l23.011-67.876h-17.744z",
          "M563.2 915.533h8.074v22.654h5.482v-22.654h8.032v-4.644h-21.588v4.644z",
          "M631.069 910.889l-10.578 27.298h5.828l2.246-6.205h10.88l2.331 6.205h5.958l-10.837-27.298h-5.828zM630.205 927.38l3.714-10.112 3.712 10.112h-7.426z",
          "M698.161 928.121h6.304v3.516c-1.841 1.476-4.122 2.285-6.477 2.301-1.101 0.061-2.2-0.143-3.207-0.596-1.007-0.454-1.891-1.142-2.579-2.009-1.447-2.079-2.161-4.584-2.029-7.117 0-6.076 2.633-9.114 7.857-9.114 1.376-0.138 2.755 0.225 3.886 1.021 1.133 0.795 1.944 1.973 2.289 3.318l5.396-1.041c-1.166-5.338-5.007-8.028-11.571-8.028-3.509-0.094-6.922 1.164-9.54 3.516-1.376 1.357-2.441 3-3.118 4.815-0.679 1.814-0.956 3.755-0.811 5.687-0.16 3.736 1.089 7.393 3.497 10.243 1.336 1.379 2.956 2.449 4.745 3.139s3.705 0.98 5.617 0.853c4.272 0.119 8.421-1.437 11.571-4.34v-10.762h-11.831v4.599z",
          "M766.679 910.889h-5.526v27.298h19.125v-4.644h-13.599v-22.654z",
          "M824.619 910.889h-5.526v27.298h5.526v-27.298z",
          "M881.263 929.118l-11.182-18.229h-5.354v27.298h5.137v-17.836l10.967 17.836h5.484v-27.298h-5.052v18.229z",
          "M932.468 926.165h13.6v-4.644h-13.6v-5.989h14.636v-4.644h-20.163v27.298h20.724v-4.644h-15.198v-7.378z",
          "M1056.635 921.653h-10.75v-10.764h-5.482v27.298h5.482v-11.935h10.75v11.935h5.484v-27.298h-5.484v10.764z",
          "M1108.142 926.165h13.643v-4.644h-13.643v-5.989h14.679v-4.644h-20.163v27.298h20.68v-4.644h-15.196v-7.378z",
          "M1177.998 926.167c4.748-0.737 7.166-3.255 7.166-7.595 0.138-1.161-0.038-2.338-0.509-3.407-0.471-1.070-1.22-1.992-2.169-2.669-2.471-1.242-5.229-1.795-7.987-1.606h-11.569v27.298h5.484v-11.414h1.079c1.169-0.072 2.338 0.137 3.41 0.608 0.802 0.495 1.469 1.179 1.944 1.997l5.958 8.68h6.562l-3.325-5.338c-1.469-2.635-3.541-4.881-6.043-6.554v0zM1172.47 922.392h-4.057v-6.857h4.316c1.881-0.152 3.773 0.068 5.571 0.65 0.399 0.353 0.713 0.792 0.922 1.283s0.302 1.024 0.278 1.558c-0.026 0.532-0.169 1.055-0.422 1.524s-0.608 0.877-1.038 1.19c-1.802 0.553-3.69 0.773-5.571 0.652v0z",
          "M1230.671 926.165h13.599v-4.644h-13.599v-5.989h14.679v-4.644h-20.205v27.298h20.722v-4.644h-15.196v-7.378z"
        ],
        "attrs": [
          {
            "fill": "rgb(175, 177, 184)"
          },
          {
            "fill": "rgb(175, 177, 184)"
          },
          {
            "fill": "rgb(175, 177, 184)"
          },
          {
            "fill": "rgb(175, 177, 184)"
          },
          {
            "fill": "rgb(175, 177, 184)"
          },
          {
            "fill": "rgb(175, 177, 184)"
          },
          {
            "fill": "rgb(175, 177, 184)"
          },
          {
            "fill": "rgb(175, 177, 184)"
          },
          {
            "fill": "rgb(175, 177, 184)"
          },
          {
            "fill": "rgb(175, 177, 184)"
          },
          {
            "fill": "rgb(175, 177, 184)"
          },
          {
            "fill": "rgb(175, 177, 184)"
          },
          {
            "fill": "rgb(175, 177, 184)"
          },
          {
            "fill": "rgb(175, 177, 184)"
          },
          {
            "fill": "rgb(175, 177, 184)"
          },
          {
            "fill": "rgb(175, 177, 184)"
          },
          {
            "fill": "rgb(175, 177, 184)"
          },
          {
            "fill": "rgb(175, 177, 184)"
          },
          {
            "fill": "rgb(175, 177, 184)"
          }
        ],
        "width": 1809,
        "isMulticolor": false,
        "isMulticolor2": false,
        "grid": 0,
        "tags": [
          "Client 2"
        ],
        "colorPermutations": {
          "1171171171175177184125525525513315024313333331": [
            {
              "f": 3
            },
            {
              "f": 3
            },
            {
              "f": 3
            },
            {
              "f": 3
            },
            {
              "f": 3
            },
            {
              "f": 3
            },
            {
              "f": 3
            },
            {
              "f": 3
            },
            {
              "f": 3
            },
            {
              "f": 3
            },
            {
              "f": 3
            },
            {
              "f": 3
            },
            {
              "f": 3
            },
            {
              "f": 3
            },
            {
              "f": 3
            },
            {
              "f": 3
            },
            {
              "f": 3
            },
            {
              "f": 3
            },
            {
              "f": 3
            }
          ]
        }
      },
      "attrs": [
        {
          "fill": "rgb(175, 177, 184)"
        },
        {
          "fill": "rgb(175, 177, 184)"
        },
        {
          "fill": "rgb(175, 177, 184)"
        },
        {
          "fill": "rgb(175, 177, 184)"
        },
        {
          "fill": "rgb(175, 177, 184)"
        },
        {
          "fill": "rgb(175, 177, 184)"
        },
        {
          "fill": "rgb(175, 177, 184)"
        },
        {
          "fill": "rgb(175, 177, 184)"
        },
        {
          "fill": "rgb(175, 177, 184)"
        },
        {
          "fill": "rgb(175, 177, 184)"
        },
        {
          "fill": "rgb(175, 177, 184)"
        },
        {
          "fill": "rgb(175, 177, 184)"
        },
        {
          "fill": "rgb(175, 177, 184)"
        },
        {
          "fill": "rgb(175, 177, 184)"
        },
        {
          "fill": "rgb(175, 177, 184)"
        },
        {
          "fill": "rgb(175, 177, 184)"
        },
        {
          "fill": "rgb(175, 177, 184)"
        },
        {
          "fill": "rgb(175, 177, 184)"
        },
        {
          "fill": "rgb(175, 177, 184)"
        }
      ],
      "properties": {
        "order": 44,
        "id": 4,
        "name": "Client-2",
        "prevSize": 32
      },
      "setIdx": 1,
      "setId": 3,
      "iconIdx": 16
    },
    {
      "icon": {
        "paths": [
          "M621.332 837.997c0.271 0.007 0.539 0.060 0.787 0.157s0.471 0.237 0.655 0.41l3.724 3.558c-2.891 2.879-6.461 5.183-10.47 6.753-4.695 1.712-9.754 2.538-14.843 2.425-4.784 0.085-9.535-0.684-13.961-2.265-3.992-1.451-7.578-3.628-10.516-6.388-2.999-2.862-5.308-6.217-6.793-9.866-1.626-4.069-2.43-8.351-2.374-12.657-0.067-4.333 0.802-8.639 2.56-12.696 1.625-3.673 4.077-7.026 7.212-9.866 3.178-2.784 6.979-4.973 11.167-6.429 4.584-1.545 9.463-2.313 14.379-2.265 4.565-0.096 9.107 0.604 13.355 2.062 3.685 1.389 7.069 3.318 10.004 5.702l-3.118 3.801c-0.215 0.268-0.483 0.5-0.79 0.688-0.369 0.218-0.812 0.319-1.256 0.283-0.483-0.029-0.949-0.169-1.35-0.404l-1.676-1.012-2.326-1.294c-1.004-0.48-2.046-0.899-3.118-1.253-1.379-0.43-2.796-0.768-4.234-1.010-1.826-0.294-3.68-0.428-5.536-0.404-3.54-0.039-7.052 0.538-10.33 1.698-3.057 1.073-5.818 2.7-8.096 4.77-2.321 2.203-4.108 4.789-5.258 7.603-1.311 3.219-1.956 6.613-1.908 10.027-0.056 3.468 0.591 6.917 1.908 10.191 1.135 2.789 2.891 5.359 5.164 7.561 2.132 2.053 4.774 3.657 7.724 4.692 3.038 1.094 6.298 1.644 9.586 1.616 1.9 0.026 3.797-0.082 5.676-0.323 3.069-0.326 6.013-1.253 8.608-2.71 1.302-0.746 2.533-1.584 3.676-2.507 0.478-0.396 1.108-0.626 1.768-0.647v0z",
          "M728.82 820.118c0.058 4.291-0.794 8.552-2.512 12.575-1.517 3.647-3.905 6.975-7.009 9.762-3.104 2.789-6.852 4.973-10.998 6.41-9.11 3.019-19.181 3.019-28.291 0-4.12-1.459-7.844-3.649-10.935-6.429-3.103-2.838-5.509-6.193-7.074-9.865-3.352-8.144-3.352-17.046 0-25.189 1.589-3.674 3.992-7.040 7.074-9.907 3.116-2.691 6.839-4.797 10.935-6.185 9.098-3.074 19.191-3.074 28.291 0 4.134 1.459 7.873 3.647 10.981 6.429 3.063 2.809 5.451 6.122 7.026 9.743 1.724 4.048 2.575 8.339 2.512 12.655zM719.049 820.118c0.073-3.432-0.526-6.849-1.768-10.109-1.043-2.79-2.739-5.364-4.98-7.561-2.181-2.077-4.867-3.707-7.863-4.77-6.62-2.21-13.949-2.21-20.567 0-2.997 1.063-5.683 2.693-7.864 4.77-2.272 2.183-3.985 4.76-5.024 7.561-2.369 6.583-2.369 13.635 0 20.217 1.050 2.797 2.761 5.373 5.024 7.561 2.185 2.065 4.871 3.681 7.864 4.731 6.63 2.154 13.935 2.154 20.567 0 2.992-1.050 5.678-2.666 7.863-4.731 2.232-2.202 3.925-4.774 4.98-7.561 1.248-3.258 1.847-6.676 1.768-10.109v0z",
          "M802.156 830.715l0.976 2.265c0.372-0.809 0.698-1.538 1.070-2.265 0.355-0.759 0.759-1.502 1.21-2.224l23.777-37.557c0.466-0.647 0.884-1.050 1.35-1.172 0.633-0.167 1.294-0.236 1.954-0.201h7.026v61.085h-8.329v-44.914c0-0.567 0-1.213 0-1.9-0.046-0.7-0.046-1.403 0-2.103l-23.917 38.083c-0.304 0.57-0.79 1.053-1.401 1.389-0.611 0.338-1.319 0.514-2.043 0.51h-1.35c-0.724 0.009-1.435-0.166-2.048-0.503-0.611-0.338-1.096-0.823-1.394-1.396l-24.615-38.325c0 0.727 0 1.456 0 2.183s0 1.374 0 1.94v44.914h-8.050v-60.964h7.026c0.66-0.034 1.321 0.034 1.954 0.201 0.577 0.249 1.038 0.664 1.304 1.172l24.289 37.598c0.476 0.695 0.882 1.425 1.21 2.183v0z",
          "M891.636 827.68v22.881h-9.306v-61.003h20.753c3.917-0.065 7.823 0.384 11.587 1.333 3.012 0.742 5.804 2.038 8.189 3.801 2.067 1.652 3.661 3.7 4.654 5.984 1.097 2.488 1.635 5.137 1.582 7.801 0.041 2.676-0.544 5.33-1.722 7.803-1.12 2.34-2.838 4.429-5.026 6.105-2.388 1.835-5.193 3.214-8.235 4.041-3.623 1.007-7.412 1.485-11.215 1.415l-11.261-0.16zM891.636 821.13h11.261c2.446 0.029 4.881-0.285 7.212-0.928 1.923-0.563 3.695-1.457 5.21-2.628 1.399-1.12 2.481-2.502 3.164-4.043 0.763-1.63 1.142-3.374 1.118-5.134 0.108-1.696-0.21-3.391-0.934-4.97-0.724-1.577-1.835-3-3.255-4.166-3.555-2.412-8.020-3.581-12.517-3.275h-11.261v25.144z",
          "M1016.713 850.644h-7.352c-0.737 0.024-1.461-0.176-2.046-0.567-0.529-0.381-0.944-0.865-1.21-1.415l-6.328-14.758h-31.782l-6.56 14.758c-0.242 0.539-0.643 1.014-1.164 1.376-0.591 0.413-1.335 0.628-2.094 0.606h-7.352l27.919-61.092h9.679l28.291 61.092zM970.646 827.962h26.243l-11.075-24.866c-0.847-1.871-1.545-3.789-2.092-5.741l-1.072 3.195c-0.324 0.969-0.698 1.86-1.022 2.587l-10.982 24.825z",
          "M1056.916 789.837c0.556 0.265 1.034 0.638 1.396 1.091l40.716 46.051c0-0.727 0-1.456 0-2.144 0-0.686 0-1.374 0-2.021v-43.261h8.329v61.090h-4.652c-0.662 0.017-1.318-0.108-1.908-0.364-0.575-0.292-1.080-0.676-1.49-1.132l-40.668-46.010c0.044 0.7 0.044 1.401 0 2.103 0 0.686 0 1.294 0 1.859v43.544h-8.329v-61.090h4.932c0.575-0.014 1.147 0.082 1.674 0.283v0z",
          "M1175.945 826.348v24.259h-9.306v-24.259l-25.731-36.791h8.329c0.719-0.038 1.427 0.148 2.002 0.524 0.505 0.393 0.93 0.858 1.256 1.376l16.099 23.733c0.652 1.010 1.21 1.94 1.676 2.83s0.838 1.739 1.164 2.587l1.208-2.628c0.452-0.961 0.981-1.893 1.582-2.789l15.869-23.895c0.333-0.476 0.741-0.911 1.21-1.294 0.551-0.418 1.268-0.637 2-0.606h8.422l-25.779 36.953z",
          "M797.548 687.037c4.048 0.445 8.144 0.809 12.285 1.133 62.787-24.404 115.9-64.345 152.704-114.83 36.804-50.487 55.665-109.278 54.224-169.025l-69.193-60.119c14.068 63.613 7.487 129.372-19.007 189.92-26.494 60.549-71.856 113.497-131.012 152.921v0z",
          "M772.84 684.242l1.862 0.323c63.213-39.284 111.408-94.141 138.351-157.479s31.396-132.243 12.785-197.803l-98.555-85.627c39.863 70.385 55.909 149.154 46.269 227.149-9.638 77.995-44.561 152.009-100.712 213.437v0z",
          "M1107.079 474.906c-16.744 65.649-57.411 124.856-115.958 168.83-17.099 12.913-35.543 24.417-55.095 34.364 47.676-12.175 91.496-33.7 128.084-62.915 36.586-29.216 64.963-65.341 82.939-105.591l-39.97-34.688z",
          "M1091.396 465.239l-56.907-49.446c-1.089 56.373-19.535 111.464-53.42 159.548-33.886 48.082-81.975 87.404-139.269 113.874h0.28c12.768-0.003 25.525-0.666 38.202-1.981 53.545-18.988 100.847-49.198 137.684-87.934 36.838-38.736 62.065-84.792 73.431-134.060v0z",
          "M781.076 207.546l-67.889-59.067c-60.691 20.377-112.889 56.198-149.76 102.776s-56.699 101.743-56.888 158.275v0c0.227 62.466 24.426 123.081 68.765 172.252s106.288 84.091 176.039 99.229c62.266-65.911 98.722-147.359 104.069-232.503 5.347-85.146-20.692-169.556-74.336-240.963v0z",
          "M1248.256 456.146c-0.246-74.112-34.239-145.126-94.556-197.531-60.315-52.405-142.051-81.94-227.35-82.154v0c-39.417-0.036-78.498 6.284-115.26 18.637l415.669 361.149c14.232-31.923 21.521-65.865 21.497-100.101v0z"
        ],
        "attrs": [
          {
            "fill": "rgb(175, 177, 184)"
          },
          {
            "fill": "rgb(175, 177, 184)"
          },
          {
            "fill": "rgb(175, 177, 184)"
          },
          {
            "fill": "rgb(175, 177, 184)"
          },
          {
            "fill": "rgb(175, 177, 184)"
          },
          {
            "fill": "rgb(175, 177, 184)"
          },
          {
            "fill": "rgb(175, 177, 184)"
          },
          {
            "fill": "rgb(175, 177, 184)"
          },
          {
            "fill": "rgb(175, 177, 184)"
          },
          {
            "fill": "rgb(175, 177, 184)"
          },
          {
            "fill": "rgb(175, 177, 184)"
          },
          {
            "fill": "rgb(175, 177, 184)"
          },
          {
            "fill": "rgb(175, 177, 184)"
          }
        ],
        "width": 1809,
        "isMulticolor": false,
        "isMulticolor2": false,
        "grid": 0,
        "tags": [
          "Client 3"
        ],
        "colorPermutations": {
          "1171171171175177184125525525513315024313333331": [
            {
              "f": 3
            },
            {
              "f": 3
            },
            {
              "f": 3
            },
            {
              "f": 3
            },
            {
              "f": 3
            },
            {
              "f": 3
            },
            {
              "f": 3
            },
            {
              "f": 3
            },
            {
              "f": 3
            },
            {
              "f": 3
            },
            {
              "f": 3
            },
            {
              "f": 3
            },
            {
              "f": 3
            }
          ]
        }
      },
      "attrs": [
        {
          "fill": "rgb(175, 177, 184)"
        },
        {
          "fill": "rgb(175, 177, 184)"
        },
        {
          "fill": "rgb(175, 177, 184)"
        },
        {
          "fill": "rgb(175, 177, 184)"
        },
        {
          "fill": "rgb(175, 177, 184)"
        },
        {
          "fill": "rgb(175, 177, 184)"
        },
        {
          "fill": "rgb(175, 177, 184)"
        },
        {
          "fill": "rgb(175, 177, 184)"
        },
        {
          "fill": "rgb(175, 177, 184)"
        },
        {
          "fill": "rgb(175, 177, 184)"
        },
        {
          "fill": "rgb(175, 177, 184)"
        },
        {
          "fill": "rgb(175, 177, 184)"
        },
        {
          "fill": "rgb(175, 177, 184)"
        }
      ],
      "properties": {
        "order": 43,
        "id": 3,
        "name": "Client-3",
        "prevSize": 32
      },
      "setIdx": 1,
      "setId": 3,
      "iconIdx": 17
    },
    {
      "icon": {
        "paths": [
          "M412.095 360.154h-0.049c-40.926 0-74.103 29.484-74.103 65.855v0.043c0 36.371 33.178 65.855 74.103 65.855h0.049c40.926 0 74.103-29.484 74.103-65.855v-0.043c0-36.371-33.178-65.855-74.103-65.855z",
          "M959.061 339.103c-0.116-50.517-22.745-98.937-62.935-134.661-40.19-35.726-94.669-55.848-151.513-55.962v0c-56.861 0.092-111.363 20.203-151.574 55.932-40.212 35.727-62.855 84.159-62.971 134.692v0 278.576c0 0 428.945-42.457 428.993-278.533v-0.043z",
          "M187.733 709.111c0.102 35.151 15.857 68.835 43.82 93.694s65.862 38.871 105.414 38.975v0c39.543-0.104 77.435-14.111 105.395-38.96 27.962-24.849 43.723-58.523 43.839-93.667v0-193.838c0 0-298.469 29.565-298.469 193.795zM336.968 743.84c-7.729 0-15.285-2.036-21.712-5.852-6.426-3.816-11.435-9.24-14.392-15.587-2.958-6.345-3.732-13.329-2.224-20.065 1.507-6.738 5.229-12.926 10.694-17.783 5.466-4.857 12.43-8.165 20.011-9.504 7.579-1.34 15.437-0.652 22.579 1.976 7.141 2.628 13.244 7.081 17.538 12.791s6.586 12.426 6.586 19.296c0.019 4.57-0.978 9.102-2.932 13.331-1.956 4.227-4.832 8.073-8.462 11.31-3.632 3.239-7.946 5.809-12.698 7.562-4.75 1.754-9.844 2.657-14.988 2.657v-0.131z",
          "M638.595 724.714h-28.8v29.751h-15v-72.8h47.399v12.15h-32.399v18.801h28.8v12.099zM710.695 719.715c0 7.166-1.266 13.45-3.801 18.85-2.533 5.4-6.166 9.566-10.9 12.5-4.698 2.934-10.1 4.4-16.2 4.4-6.033 0-11.416-1.451-16.15-4.35-4.733-2.9-8.4-7.033-10.999-12.399-2.599-5.4-3.917-11.6-3.949-18.601v-3.599c0-7.166 1.283-13.467 3.849-18.9 2.601-5.468 6.252-9.651 10.95-12.551 4.734-2.934 10.134-4.4 16.201-4.4 6.065 0 11.45 1.466 16.15 4.4 4.733 2.9 8.383 7.083 10.95 12.551 2.599 5.432 3.9 11.716 3.9 18.848v3.251zM695.494 716.414c0-7.632-1.365-13.433-4.099-17.399-2.732-3.966-6.634-5.949-11.699-5.949-5.035 0-8.917 1.966-11.651 5.9-2.732 3.9-4.116 9.632-4.149 17.2v3.55c0 7.433 1.367 13.199 4.099 17.299 2.734 4.101 6.666 6.151 11.8 6.151 5.033 0 8.9-1.966 11.6-5.9 2.7-3.966 4.067-9.733 4.099-17.3v-3.55zM759.345 735.365c0-2.833-1-5.001-3-6.501-2-1.533-5.6-3.133-10.8-4.799-5.2-1.702-9.317-3.367-12.351-5.001-8.265-4.466-12.399-10.484-12.399-18.050 0-3.934 1.099-7.434 3.299-10.501 2.234-3.099 5.417-5.516 9.551-7.25 4.166-1.732 8.834-2.599 14-2.599 5.2 0 9.834 0.951 13.901 2.85 4.065 1.867 7.216 4.516 9.45 7.95 2.266 3.434 3.4 7.334 3.4 11.699h-15c0-3.333-1.050-5.915-3.151-7.75-2.099-1.865-5.050-2.799-8.849-2.799-3.668 0-6.518 0.783-8.55 2.35-2.034 1.533-3.050 3.567-3.050 6.1 0 2.367 1.183 4.35 3.55 5.949 2.4 1.601 5.917 3.101 10.549 4.5 8.533 2.567 14.751 5.75 18.65 9.551 3.9 3.799 5.85 8.533 5.85 14.199 0 6.299-2.384 11.25-7.151 14.85-4.765 3.567-11.182 5.35-19.249 5.35-5.6 0-10.699-1.017-15.3-3.050-4.599-2.067-8.117-4.883-10.549-8.45-2.401-3.567-3.601-7.7-3.601-12.401h15.051c0 8.033 4.799 12.051 14.399 12.051 3.567 0 6.351-0.717 8.351-2.15 2-1.466 3-3.5 3-6.1zM839.395 693.815h-22.301v60.65h-15v-60.65h-21.999v-12.15h59.3v12.15zM891.795 722.915h-28.8v19.5h33.801v12.049h-48.8v-72.8h48.7v12.15h-33.7v17.35h28.8v11.75zM932.545 727.815h-11.95v26.65h-15v-72.8h27.051c8.6 0 15.232 1.917 19.9 5.75 4.666 3.833 6.999 9.25 6.999 16.249 0 4.968-1.082 9.117-3.249 12.45-2.133 3.301-5.383 5.934-9.75 7.9l15.751 29.751v0.7h-16.101l-13.65-26.65zM920.595 715.665h12.1c3.767 0 6.683-0.951 8.75-2.85 2.067-1.934 3.099-4.584 3.099-7.95 0-3.434-0.983-6.134-2.949-8.102-1.934-1.966-4.917-2.949-8.95-2.949h-12.051v21.85zM1011.495 728.815v25.649h-15v-72.8h28.399c5.466 0 10.267 1 14.401 3 4.166 2 7.366 4.849 9.6 8.549 2.232 3.668 3.35 7.851 3.35 12.551 0 7.134-2.451 12.766-7.351 16.899-4.867 4.101-11.617 6.151-20.25 6.151h-13.15zM1011.495 716.665h13.399c3.968 0 6.984-0.934 9.050-2.801 2.099-1.867 3.151-4.533 3.151-7.999 0-3.567-1.051-6.451-3.151-8.651s-5.001-3.333-8.701-3.4h-13.749v22.851zM1106.394 722.915h-28.8v19.5h33.801v12.049h-48.8v-72.8h48.7v12.15h-33.7v17.35h28.8v11.75zM1175.994 693.815h-22.299v60.65h-15v-60.65h-22.001v-12.15h59.3v12.15zM1228.396 722.915h-28.8v19.5h33.799v12.049h-48.799v-72.8h48.7v12.15h-33.7v17.35h28.8v11.75zM1269.146 727.815h-11.95v26.65h-15v-72.8h27.049c8.6 0 15.234 1.917 19.9 5.75 4.668 3.833 7.001 9.25 7.001 16.249 0 4.968-1.084 9.117-3.249 12.45-2.133 3.301-5.385 5.934-9.75 7.9l15.749 29.751v0.7h-16.099l-13.65-26.65zM1257.196 715.665h12.099c3.767 0 6.683-0.951 8.75-2.85 2.067-1.934 3.101-4.584 3.101-7.95 0-3.434-0.983-6.134-2.951-8.102-1.934-1.966-4.917-2.949-8.95-2.949h-12.049v21.85zM1345.345 735.365c0-2.833-1-5.001-3-6.501-2-1.533-5.6-3.133-10.8-4.799-5.2-1.702-9.317-3.367-12.349-5.001-8.267-4.466-12.401-10.484-12.401-18.050 0-3.934 1.101-7.434 3.301-10.501 2.232-3.099 5.415-5.516 9.549-7.25 4.168-1.732 8.834-2.599 14-2.599 5.2 0 9.834 0.951 13.901 2.85 4.067 1.867 7.217 4.516 9.45 7.95 2.266 3.434 3.4 7.334 3.4 11.699h-15c0-3.333-1.050-5.915-3.149-7.75-2.101-1.865-5.050-2.799-8.851-2.799-3.666 0-6.516 0.783-8.55 2.35-2.033 1.533-3.050 3.567-3.050 6.1 0 2.367 1.183 4.35 3.55 5.949 2.4 1.601 5.917 3.101 10.551 4.5 8.533 2.567 14.749 5.75 18.65 9.551 3.9 3.799 5.849 8.533 5.849 14.199 0 6.299-2.383 11.25-7.149 14.85-4.767 3.567-11.184 5.35-19.249 5.35-5.601 0-10.701-1.017-15.3-3.050-4.601-2.067-8.117-4.883-10.551-8.45-2.4-3.567-3.599-7.7-3.599-12.401h15.049c0 8.033 4.801 12.051 14.401 12.051 3.565 0 6.349-0.717 8.349-2.15 2-1.466 3-3.5 3-6.1z"
        ],
        "attrs": [
          {
            "fill": "rgb(175, 177, 184)"
          },
          {
            "fill": "rgb(175, 177, 184)"
          },
          {
            "fill": "rgb(175, 177, 184)"
          },
          {
            "fill": "rgb(175, 177, 184)"
          }
        ],
        "width": 1809,
        "isMulticolor": false,
        "isMulticolor2": false,
        "grid": 0,
        "tags": [
          "Client 4"
        ],
        "colorPermutations": {
          "1171171171175177184125525525513315024313333331": [
            {
              "f": 3
            },
            {
              "f": 3
            },
            {
              "f": 3
            },
            {
              "f": 3
            }
          ]
        }
      },
      "attrs": [
        {
          "fill": "rgb(175, 177, 184)"
        },
        {
          "fill": "rgb(175, 177, 184)"
        },
        {
          "fill": "rgb(175, 177, 184)"
        },
        {
          "fill": "rgb(175, 177, 184)"
        }
      ],
      "properties": {
        "order": 42,
        "id": 2,
        "name": "Client-4",
        "prevSize": 32
      },
      "setIdx": 1,
      "setId": 3,
      "iconIdx": 18
    },
    {
      "icon": {
        "paths": [
          "M456.651 763.481c4.159 4.714 6.374 10.615 6.258 16.674 0.212 3.951-0.55 7.897-2.229 11.542-1.678 3.645-4.231 6.898-7.468 9.52-8.079 5.586-18.087 8.317-28.189 7.69h-49.556v-105.667h48.541c9.583-0.584 19.087 1.898 26.894 7.020 3.133 2.403 5.617 5.439 7.25 8.87 1.635 3.432 2.376 7.163 2.164 10.902 0.285 5.828-1.713 11.559-5.637 16.157-3.767 4.198-8.972 7.108-14.771 8.259 6.574 1.099 12.508 4.301 16.744 9.033v0zM398.525 747.53h20.746c4.716 0.319 9.399-0.927 13.193-3.511 1.558-1.292 2.77-2.896 3.543-4.687 0.771-1.79 1.084-3.719 0.911-5.637 0.147-1.911-0.172-3.828-0.932-5.613-0.761-1.787-1.944-3.395-3.466-4.71-3.907-2.657-8.735-3.922-13.587-3.562h-20.408v27.72zM434.495 788.053c1.664-1.324 2.973-2.982 3.825-4.844 0.85-1.862 1.22-3.879 1.080-5.895 0.126-2.038-0.259-4.076-1.13-5.955s-2.2-3.552-3.888-4.884c-4.060-2.756-9.052-4.11-14.095-3.821h-21.762v29.063h22.043c4.961 0.263 9.873-1.031 13.926-3.664v0z",
          "M555.877 808.907l-27.005-41.296h-10.148v41.296h-23.228v-105.667h43.974c11.085-0.708 22.043 2.507 30.614 8.982 6.146 5.734 9.854 13.292 10.453 21.308s-1.947 15.966-7.183 22.415c-5.425 5.69-12.838 9.484-20.973 10.737l28.752 42.225h-25.257zM518.724 753.208h18.999c13.193 0 19.789-5.333 19.789-16.002 0.135-2.178-0.227-4.359-1.062-6.403-0.835-2.043-2.125-3.907-3.787-5.47-4.169-3.174-9.539-4.714-14.94-4.284h-19.226l0.227 32.159z",
          "M682.841 787.637h-46.287l-8.175 21.268h-24.356l42.51-104.48h26.329l42.339 104.48h-24.354l-8.006-21.268zM676.639 771.635l-16.913-44.6-16.913 44.6h33.826z",
          "M841.769 808.907h-23.059l-51.698-71.856v71.856h-23.002v-105.668h23.002l51.698 72.271v-72.271h23.059v105.668z",
          "M973.356 783.614c-4.768 7.977-12.032 14.467-20.861 18.635-10.037 4.642-21.176 6.929-32.416 6.659h-41.044v-105.668h41.044c11.221-0.268 22.345 1.964 32.416 6.504 8.827 4.074 16.099 10.498 20.861 18.429 4.746 8.595 7.219 18.089 7.219 27.72s-2.473 19.127-7.219 27.721v0zM946.971 781.085c6.581-7.020 10.199-15.966 10.199-25.218 0-9.25-3.618-18.196-10.199-25.216-7.955-6.359-18.328-9.586-28.867-8.982h-16.010v68.398h16.010c10.539 0.602 20.912-2.625 28.867-8.982z",
          "M697.272 115.485c0 0 297.62 102.881 291.306 251.755v251.805c0 0-297.393-102.931-291.193-251.805l-0.113-251.755z",
          "M1253.722 560.096c56.209-35.418 121.225-57.356 189.092-63.804v-78.826c-78.199 27.597-144.538 77.635-189.092 142.63v0z",
          "M1219.953 583.842c46.007-84.82 125.763-150.27 222.863-182.892v-227.132c0 0-423.851 146.551-414.886 358.557v358.508c0 0 18.886-6.557 48.597-18.843 0-11.459 0-23.021 1.353-34.637 8.772-98.423 59.875-189.628 142.071-253.561v0z",
          "M1179.643 717.024c2.227-24.863 7.195-49.457 14.828-73.405-51.181 55.212-82.178 123.723-88.625 195.901-0.621 6.815-0.959 13.628-1.128 20.649 24.073-10.583 52.093-23.798 81.522-39.335-7.509-34.149-9.731-69.094-6.596-103.81v0z",
          "M1196.501 718.314c-2.823 31.408-1.060 63.020 5.243 94.001 115.801-63.442 245.92-161.469 240.903-279.939v-10.324c-82.734 8.475-160.142 41.591-220.326 94.259-14.090 32.638-22.793 67.016-25.82 102.002v0z"
        ],
        "attrs": [
          {
            "fill": "rgb(175, 177, 184)"
          },
          {
            "fill": "rgb(175, 177, 184)"
          },
          {
            "fill": "rgb(175, 177, 184)"
          },
          {
            "fill": "rgb(175, 177, 184)"
          },
          {
            "fill": "rgb(175, 177, 184)"
          },
          {
            "fill": "rgb(175, 177, 184)"
          },
          {
            "fill": "rgb(175, 177, 184)"
          },
          {
            "fill": "rgb(175, 177, 184)"
          },
          {
            "fill": "rgb(175, 177, 184)"
          },
          {
            "fill": "rgb(175, 177, 184)"
          }
        ],
        "width": 1809,
        "isMulticolor": false,
        "isMulticolor2": false,
        "grid": 0,
        "tags": [
          "Client 5"
        ],
        "colorPermutations": {
          "1171171171175177184125525525513315024313333331": [
            {
              "f": 3
            },
            {
              "f": 3
            },
            {
              "f": 3
            },
            {
              "f": 3
            },
            {
              "f": 3
            },
            {
              "f": 3
            },
            {
              "f": 3
            },
            {
              "f": 3
            },
            {
              "f": 3
            },
            {
              "f": 3
            }
          ]
        }
      },
      "attrs": [
        {
          "fill": "rgb(175, 177, 184)"
        },
        {
          "fill": "rgb(175, 177, 184)"
        },
        {
          "fill": "rgb(175, 177, 184)"
        },
        {
          "fill": "rgb(175, 177, 184)"
        },
        {
          "fill": "rgb(175, 177, 184)"
        },
        {
          "fill": "rgb(175, 177, 184)"
        },
        {
          "fill": "rgb(175, 177, 184)"
        },
        {
          "fill": "rgb(175, 177, 184)"
        },
        {
          "fill": "rgb(175, 177, 184)"
        },
        {
          "fill": "rgb(175, 177, 184)"
        }
      ],
      "properties": {
        "order": 41,
        "id": 1,
        "name": "Client-5",
        "prevSize": 32
      },
      "setIdx": 1,
      "setId": 3,
      "iconIdx": 19
    },
    {
      "icon": {
        "paths": [
          "M911.787 467.767c-7.562-10.066-11.18-21.963-10.32-33.939v-49.207c0-15.084 3.42-26.547 10.262-34.389 6.84-7.842 18.592-11.747 35.251-11.713 15.655 0 26.767 3.337 33.338 10.011 7.168 8.516 10.655 18.93 9.856 29.433v11.564h-28.003v-11.715c0.099-3.833-0.172-7.668-0.812-11.462-0.403-2.596-1.812-4.995-4-6.808-2.876-1.954-6.497-2.901-10.146-2.654-3.837-0.247-7.642 0.753-10.668 2.804-2.439 2.009-4.065 4.64-4.639 7.508-0.804 4.017-1.172 8.090-1.101 12.165v59.718c-0.442 5.762 0.794 11.527 3.594 16.77 1.393 1.773 3.326 3.18 5.589 4.064 2.261 0.884 4.762 1.21 7.224 0.942 3.587 0.254 7.148-0.717 9.914-2.703 2.282-1.956 3.75-4.507 4.175-7.258 0.654-3.961 0.945-7.962 0.87-11.964v-12.114h28.003v11.063c0.787 10.95-2.615 21.818-9.682 30.935-6.436 7.31-17.394 10.964-33.512 10.964s-28.295-3.905-35.193-12.015z",
          "M1028.384 468.268c-7.074-7.66-10.61-18.823-10.61-33.589v-51.76c0-14.616 3.536-25.679 10.61-33.188 7.072-7.509 18.901-11.247 35.482-11.213 16.466 0 28.237 3.738 35.309 11.213 7.074 7.509 10.668 18.572 10.668 33.188v51.76c0 14.616-3.594 25.829-10.784 33.538-7.188 7.709-18.9 11.564-35.193 11.564-16.292 0-28.351-3.905-35.482-11.513zM1076.912 455.854c2.533-4.797 3.686-10.052 3.364-15.317v-63.374c0.324-5.163-0.811-10.317-3.306-15.017-1.42-1.811-3.403-3.241-5.719-4.127-2.318-0.884-4.876-1.19-7.385-0.879-2.516-0.302-5.079 0.005-7.404 0.889s-4.318 2.309-5.757 4.116c-2.55 4.687-3.705 9.847-3.362 15.017v63.674c-0.353 5.267 0.802 10.527 3.362 15.317 1.632 1.615 3.647 2.908 5.907 3.796 2.26 0.886 4.714 1.345 7.197 1.345 2.481 0 4.936-0.459 7.195-1.345 2.26-0.887 4.275-2.181 5.907-3.796v-0.3z",
          "M1143.526 340.029h30.15l22.67 95.498 23.192-95.498h29.338l2.958 137.842h-21.685l-2.319-95.799-22.38 95.799h-17.394l-23.192-96.15-2.145 96.15h-21.915l2.724-137.842z",
          "M1285.635 340.029h46.962c27.057 0 40.585 13.046 40.585 39.141 0 24.992-14.242 37.472-42.73 37.437h-16.002v61.264h-28.989l0.174-137.842zM1325.757 398.94c2.864 0.314 5.772 0.087 8.525-0.666 2.753-0.751 5.284-2.010 7.419-3.688 3.325-4.656 4.791-10.124 4.175-15.567 0.152-4.205-0.316-8.41-1.393-12.513-0.413-1.37-1.138-2.656-2.133-3.782-0.997-1.126-2.241-2.068-3.664-2.775-4.024-1.666-8.472-2.423-12.928-2.202h-11.249v41.192h11.249z",
          "M1414.987 340.029h31.135l31.945 137.842h-27.017l-6.32-31.783h-27.773l-6.494 31.783h-27.423l31.945-137.842zM1441.599 430.123l-10.842-57.859-10.841 57.859h21.683z",
          "M1503.869 340.029h20.292l38.847 78.631v-78.631h24.061v137.842h-19.308l-39.078-82.086v82.086h-24.873l0.058-137.842z",
          "M1643.426 425.315l-32.295-85.093h27.192l19.714 54.659 18.495-54.659h26.612l-31.889 85.093v52.557h-27.829v-52.557z",
          "M956.547 538.139v7.209h-23.654v56.011h-9.916v-56.011h-23.77v-7.209h57.341z",
          "M1030.702 601.364h-7.654c-0.777 0.041-1.543-0.172-2.145-0.601-0.579-0.367-1.021-0.87-1.275-1.451l-6.842-15.017h-32.816l-6.842 15.017c-0.195 0.628-0.551 1.208-1.044 1.702-0.606 0.418-1.369 0.631-2.144 0.601h-7.654l28.989-63.217h10.090l29.338 62.966zM982.694 577.889h27.368l-11.597-25.726c-0.855-1.946-1.572-3.936-2.145-5.956-0.406 1.201-0.754 2.352-1.101 3.354l-1.044 2.652-11.481 25.677z",
          "M1080.68 595.156c1.816 0.082 3.635 0.082 5.449 0 1.568-0.14 3.12-0.391 4.639-0.751 1.42-0.302 2.816-0.686 4.175-1.152 1.277-0.451 2.551-1.002 3.884-1.551v-14.218h-11.595c-0.287 0.015-0.573-0.022-0.843-0.109-0.27-0.085-0.515-0.218-0.722-0.391-0.191-0.142-0.341-0.319-0.442-0.519s-0.148-0.415-0.138-0.633v-4.855h22.496v24.23c-1.836 1.133-3.775 2.138-5.798 3.004-2.067 0.881-4.221 1.601-6.436 2.152-2.371 0.602-4.796 1.038-7.248 1.302-2.811 0.27-5.635 0.403-8.463 0.399-5.001 0.038-9.962-0.761-14.612-2.352-4.34-1.507-8.284-3.755-11.595-6.608-3.227-2.883-5.769-6.284-7.479-10.011-1.828-4.192-2.732-8.639-2.668-13.116-0.061-4.506 0.823-8.984 2.609-13.216 1.667-3.746 4.214-7.156 7.479-10.011 3.309-2.845 7.255-5.076 11.597-6.559 4.965-1.613 10.233-2.41 15.537-2.353 2.7-0.002 5.395 0.183 8.059 0.551 2.357 0.331 4.669 0.869 6.9 1.603 2.028 0.657 3.971 1.497 5.798 2.502 1.777 0.988 3.465 2.092 5.045 3.304l-2.784 3.905c-0.218 0.357-0.543 0.657-0.94 0.867-0.398 0.212-0.853 0.328-1.321 0.335-0.642-0.017-1.265-0.191-1.797-0.5-0.87-0.401-1.797-0.901-2.842-1.502-1.232-0.667-2.533-1.237-3.884-1.702-1.727-0.599-3.512-1.068-5.333-1.403-2.429-0.386-4.895-0.57-7.364-0.55-3.825-0.038-7.622 0.558-11.189 1.751-3.227 1.118-6.135 2.826-8.523 5.006-2.403 2.273-4.239 4.949-5.393 7.861-2.589 6.845-2.589 14.227 0 21.074 1.27 2.973 3.244 5.685 5.799 7.96 2.377 2.169 5.263 3.876 8.465 5.006 3.686 1.094 7.593 1.519 11.479 1.253v0z",
          "M1173.098 594.152h31.657v7.207h-41.339v-63.22h9.914l-0.232 56.013z",
          "M1237.688 601.359h-9.916v-63.22h9.916v63.22z",
          "M1274.563 538.44c0.589 0.29 1.103 0.683 1.507 1.152l42.382 47.655c-0.056-0.749-0.056-1.502 0-2.253 0-0.7 0-1.401 0-2.051v-45.053h8.639v63.474h-4.985c-0.739 0.051-1.48-0.070-2.145-0.352-0.602-0.314-1.133-0.722-1.567-1.201l-42.324-47.606c0 0.751 0 1.452 0 2.154 0 0.7 0 1.352 0 1.952v45.053h-8.291v-63.225h5.161c0.56 0.002 1.113 0.104 1.623 0.3v0z",
          "M1400.088 538.139v6.958h-35.135v20.874h28.467v6.707h-28.467v21.574h35.135v6.958h-45.339v-63.072h45.339z",
          "M361.16 147.721l440.236 107.917v378.163l-440.236-107.868v-378.213zM332.925 115.485v428.818l496.65 121.783v-428.768l-496.65-121.833z",
          "M599.107 865.147l-496.707-121.885v-428.773l496.707 121.836v428.822z",
          "M341.158 142.865l434.495 106.564-184.779 159.572-434.553-106.615 184.837-159.521zM332.925 115.485l-230.525 199.014 496.707 121.83 230.467-199.013-496.649-121.832z",
          "M627.053 841.025l202.52-174.887-202.52-49.702v224.589z"
        ],
        "attrs": [
          {
            "fill": "rgb(175, 177, 184)"
          },
          {
            "fill": "rgb(175, 177, 184)"
          },
          {
            "fill": "rgb(175, 177, 184)"
          },
          {
            "fill": "rgb(175, 177, 184)"
          },
          {
            "fill": "rgb(175, 177, 184)"
          },
          {
            "fill": "rgb(175, 177, 184)"
          },
          {
            "fill": "rgb(175, 177, 184)"
          },
          {
            "fill": "rgb(175, 177, 184)"
          },
          {
            "fill": "rgb(175, 177, 184)"
          },
          {
            "fill": "rgb(175, 177, 184)"
          },
          {
            "fill": "rgb(175, 177, 184)"
          },
          {
            "fill": "rgb(175, 177, 184)"
          },
          {
            "fill": "rgb(175, 177, 184)"
          },
          {
            "fill": "rgb(175, 177, 184)"
          },
          {
            "fill": "rgb(175, 177, 184)"
          },
          {
            "fill": "rgb(175, 177, 184)"
          },
          {
            "fill": "rgb(175, 177, 184)"
          },
          {
            "fill": "rgb(175, 177, 184)"
          }
        ],
        "width": 1809,
        "isMulticolor": false,
        "isMulticolor2": false,
        "grid": 0,
        "tags": [
          "Client 6"
        ],
        "colorPermutations": {
          "1171171171175177184125525525513315024313333331": [
            {
              "f": 3
            },
            {
              "f": 3
            },
            {
              "f": 3
            },
            {
              "f": 3
            },
            {
              "f": 3
            },
            {
              "f": 3
            },
            {
              "f": 3
            },
            {
              "f": 3
            },
            {
              "f": 3
            },
            {
              "f": 3
            },
            {
              "f": 3
            },
            {
              "f": 3
            },
            {
              "f": 3
            },
            {
              "f": 3
            },
            {
              "f": 3
            },
            {
              "f": 3
            },
            {
              "f": 3
            },
            {
              "f": 3
            }
          ]
        }
      },
      "attrs": [
        {
          "fill": "rgb(175, 177, 184)"
        },
        {
          "fill": "rgb(175, 177, 184)"
        },
        {
          "fill": "rgb(175, 177, 184)"
        },
        {
          "fill": "rgb(175, 177, 184)"
        },
        {
          "fill": "rgb(175, 177, 184)"
        },
        {
          "fill": "rgb(175, 177, 184)"
        },
        {
          "fill": "rgb(175, 177, 184)"
        },
        {
          "fill": "rgb(175, 177, 184)"
        },
        {
          "fill": "rgb(175, 177, 184)"
        },
        {
          "fill": "rgb(175, 177, 184)"
        },
        {
          "fill": "rgb(175, 177, 184)"
        },
        {
          "fill": "rgb(175, 177, 184)"
        },
        {
          "fill": "rgb(175, 177, 184)"
        },
        {
          "fill": "rgb(175, 177, 184)"
        },
        {
          "fill": "rgb(175, 177, 184)"
        },
        {
          "fill": "rgb(175, 177, 184)"
        },
        {
          "fill": "rgb(175, 177, 184)"
        },
        {
          "fill": "rgb(175, 177, 184)"
        }
      ],
      "properties": {
        "order": 40,
        "id": 0,
        "name": "Client-6",
        "prevSize": 32
      },
      "setIdx": 1,
      "setId": 3,
      "iconIdx": 20
    }
  ],
  "height": 1024,
  "preferences": {
    "showGlyphs": true,
    "showQuickUse": true,
    "showQuickUse2": true,
    "showSVGs": true,
    "fontPref": {
      "prefix": "icon-",
      "metadata": {
        "fontFamily": "icomoon"
      },
      "metrics": {
        "emSize": 1024,
        "baseline": 6.25,
        "whitespace": 50
      },
      "embed": false
    },
    "imagePref": {
      "prefix": "icon-",
      "png": false,
      "useClassSelector": true,
      "color": 0,
      "bgColor": 16777215,
      "classSelector": ".icon",
      "name": "icomoon",
      "height": 32,
      "columns": 16,
      "margin": 16
    },
    "historySize": 50,
    "showCodes": true,
    "gridSize": 16
  }
}